,road_name,lat,long
0,자하문로 12,37.5771103192454,126.972532568756
1,자하문로 44,37.5799717338378,126.97154998287
2,새문안로 46 씨티은행,37.5688134061202,126.970255557608
3,종로 세종대로 152 동아일보,37.5698677620456,126.977657083792
4,종로 14 한국무역공사,37.5698126628053,126.97886194878
5,종로 30-1 종로분식,37.5699494918632,126.980782494707
6,종로 68 대한기독교서회,37.5698922524631,126.984947413985
7,종로 78 미려빌딩,37.5698795927378,126.986041334865
8,종로 83 종각귀금속,37.5704192743349,126.9866948279
9,종로 69 우리은행,37.5705768749389,126.98531414524
10,율곡로38 방범순찰대,37.5756110009991,126.983909089113
11,삼일대로 467 노인복지센터,37.5759657913407,126.985853298403
12,종로1길 55 열린마당,37.5753403610963,126.978883253497
13,세종대로 175  세종문화회관,37.5718478584908,126.976168275947
14,통일로 132 현대자동차,37.7360086702634,126.827500989595
15,사직로8길 4 스페이스본  버스정류장,37.5746540320628,126.968575235313
16,북촌로 35  가회동주민센터,37.5800508567549,126.984789138464
17,삼청로 66 삼청파출소 앞,37.5814096566494,126.981122583707
18,삼청로 102  삼청수제비 건너편,37.5845203383665,126.982298013345
19,창경궁로 270  혜화동로터리  우리은행 앞,37.5849614355264,127.00107976031
20,대학로 112  혜화역2번출구  아르코예술극장,37.5811899477465,127.002398629301
21,종로3가 5번출구,37.5705712212658,126.989803395976
22,지봉로54,37.5747853597905,127.015867384472
23,율곡로212-1,37.5759543599276,127.002455176753
24,종로297,37.5719377164082,127.010697353235
25,지봉로73 창신초교 앞,37.5762114748296,127.014293687874
26,진흥로 456 앞,37.6068720018317,126.958441783525
27,종로30-1,37.5699494918632,126.980782494707
28,종로 68 롯데리아 앞,37.5698922524631,126.984947413985
29,종로69  서울YMCA,37.5705768749389,126.98531414524
30,종로78 아리따움 앞,37.5698795927378,126.986041334865
31,지봉로 96-2,37.5785738072042,127.015594903413
32,지봉로86,37.5778227340801,127.015628142898
33,새문안로 82,37.5697946482449,126.973931516577
34,자하문로44,37.5799717338378,126.97154998287
35,원효로1가 45  (유닉스빌딩앞 버스정류장(03-140),37.5403958008247,126.969718522289
36,후암로11 채가네볼태기앞,37.5469950240041,126.978009957423
37,후암로30길1 엘지유플러스 건너편 횡단보도앞,37.5503787088044,126.977449132685
38,소월로168번지(고엽제사무실옆),37.5479583763639,126.984237207477
39,청파로 250(남영역03-230버스정류장옆)앞 횡단보도,37.541990887675,126.970981909472
40,소월로168번지(대한민국고엽제전우회앞),37.5479583763639,126.984237207477
41,왕십리로 성동구 행당동 284,37.5597786273063,127.036904798892
42,왕십리로 성동구 행당동 347,37.5633610026494,127.031241527314
43,고산자로 행당동 196,37.5576271212625,127.034264231947
44,고산자로 행당동 322-1,37.5683728126623,127.037374714261
45,고산자로 행당동 349,37.5708231785927,127.037599388799
46,동일로 송정동97,37.5414043158798,127.063216733386
47,독서당로 금호동4가198,37.5429547395359,127.013037545113
48,독서당로173,37.5415625512366,127.010900872837
49,마조로58,37.5627804280098,127.041913332983
50,고산자로339,37.5699137996348,127.037329300601
51,고산자로281,37.5648218822196,127.03597450819
52,왕십리로280,37.5602047159985,127.038017800199
53,왕십리로320-1,37.5623203472363,127.034184322992
54,무학로2,37.5644427215751,127.030270155789
55,왕십리로363-1,37.5640461008382,127.029567673936
56,금호로158,37.5548999857582,127.020179454409
57,동일로173,37.5477125811731,127.066799552614
58,뚝섬로310,37.5407784221481,127.045773499507
59,뚝섬로436,37.5367019546624,127.059123476749
60,왕십리로89,37.5458415313708,127.044027951779
61,성수이로118,37.5451736913181,127.057857254458
62,아차산로85-1,37.5455401677531,127.053966813588
63,성수이로108,37.544546201202,127.057373589713
64,아차산로49,37.5467876194278,127.050037317792
65,왕십리로232,37.5576830954763,127.041752030283
66,청계천로10가길102,37.5715230338935,127.037434698419
67,청계천로546,37.5717149328125,127.036903782819
68,금호로141-1,37.5536805217231,127.021003460867
69,금호로168,37.5557985473598,127.020199049442
70,행당로15,37.5548599913783,127.021649440821
71,금호로60-1,37.5487345641196,127.026064768515
72,고산자로 341-1,37.570246613049,127.037374405412
73,마조로 15나길 19,37.5640234095682,127.040980808112
74,무학로 10,37.5650084288543,127.030380063685
75,무학로 44,37.5681271396775,127.030366162486
76,왕십리로 410,37.566590498762,127.02408246322
77,마장로 137,37.5678250213491,127.025053595952
78,왕십리로 327,37.5623942326737,127.033224444422
79,고산자로 197,37.5576263308862,127.033880902274
80,행당로 87,37.5572921201611,127.028544269386
81,금호로 173,37.5562864094302,127.018152983884
82,금호로  105,37.5523763631514,127.024553084225
83,독서당로 299-2,37.5483589593448,127.022451128356
84,독서당로 207,37.5438291500304,127.013910468016
85,독서당로 222,37.5438789755948,127.015361927595
86,독서당로 216,37.5435619909651,127.014757612776
87,금호로 40,37.5467055409212,127.025532888335
88,살곶이길  352,37.5567946202005,127.040985789877
89,마장로 310,37.5665081681751,127.044007966592
90,마장동  810,37.5666285516301,127.044461138041
91,천호대로 312,37.5649822509522,127.054560923079
92,용답동 232-6,37.5609292378813,127.064012708416
93,광나루로 337,37.5485118802394,127.067234924413
94,동일로 223,37.5518300236972,127.069198198862
95,광나루로 243,37.5494612677553,127.056943711312
96,뚝섬로 452,37.537176455916,127.060654486737
97,아차산로 120,37.5439102587684,127.057223283946
98,광나루로 328,37.5480241036004,127.06623594379
99,광나루로 297,37.5485015180617,127.062818735366
100,광나루로 319,37.5483807953041,127.065289766967
101,광나루로 190,37.5506588746343,127.050823354626
102,광나루로 142-1,37.551342616421,127.04605427656
103,광나루로 184,37.5508602334419,127.050436462226
104,살곶이  8길 22,37.5563012473364,127.04297558257
105,용마산로 111 앞 횡단보도,37.5635945424938,127.086643404936
106,동일로 196(모텔딥),37.5494402929169,127.068447973845
107,동일로22길 96(모던통닭 옆 골목),37.540935406818,127.069367021329
108,동일로22길 48(부대찌개 앞),37.5417481997999,127.066865743436
109,동일로22길 25(CU 편의점 앞),37.5423181337586,127.065811322437
110,동일로22길 17(소두마리 앞),37.5424724629283,127.065346283133
111,자양로 106(미가로 조형물 광장),37.5371471756586,127.083908953676
112,자양로18길 16(생오리닭 골목),37.537514785082,127.084412753119
113,자양로18길 41(경성주막 앞),37.5380860066115,127.085929228496
114,자양로18길 53(편의점 앞),37.5381830731146,127.08638373915
115,자양로18길 78(공영주차장 앞),37.5382711792426,127.087865052886
116,자양로18길 96(대양참치 앞),37.5385616861558,127.088795921258
117,능동로 298 (맛의거리 조형물 앞),37.5562465755289,127.079304808205
118,능동로36길 7(솥뚜껑삼겹살 옆),37.5563705092931,127.079637107368
119,능동로36길 10(대한곱창 앞),37.5561493154556,127.079635627057
120,능동로36길 10(사브노래방 앞),37.5561493154556,127.079635627057
121,능동로36길 18(족발야시장 앞),37.5559056594974,127.080074143457
122,능동로36길 21(가죽모피 앞),37.556058861394,127.080424242183
123,능동로36길 32(대봉갈비 앞),37.5556984727721,127.080805023929
124,능동로36길 36앞(쉼터 입구),37.5556474317593,127.081001551415
125,능동로372 창원빌딩 앞(중곡2동 40-14),37.5623923131202,127.082664280067
126,능동로383(중곡1동 165-7),37.5636276229259,127.082730160842
127,동일로343(중곡1동 610-8),37.5616835914239,127.074683659446
128,경희대로 8-1,37.5923246845844,127.052645112433
129,고산자로 428,37.5777151935226,127.03860428359
130,고산자로 476,37.5821360952478,127.03889333663
131,고산자로 513-1,37.5856269248863,127.038276524025
132,답십리로 150,37.5726648870761,127.056606946405
133,답십리로 130,37.5728549565736,127.052401156065
134,답십리로 287,37.5726794671914,127.072312356988
135,답십리로 166,37.5726990219608,127.058481668249
136,답십리로 237,37.5729391451261,127.066787665355
137,답십리로 224-1,37.5725851716749,127.06528904374
138,답십리로 51,37.5766593234367,127.047035619751
139,망우로 34,37.588379155724,127.057090079928
140,망우로 67,37.5899007986358,127.060610064015
141,망우로 123,37.591711720367,127.06659655052
142,망우로 120,37.5911188235532,127.066514951441
143,망우로 133,37.591935925651,127.067638000237
144,무학로 184,37.5806160605963,127.030159641858
145,사가정로 122,37.5772114550055,127.058517800585
146,사가정로 134,37.5775818016273,127.059701441462
147,사가정로 229,37.5789468572164,127.070553264702
148,사가정로 230,37.5785767505909,127.070366008518
149,사가정로 260,37.579155952553,127.073691621336
150,사가정로 199-1,37.5787680788885,127.067192045113
151,사가정로 200,37.5784023506581,127.067059602643
152,사가정로 66,37.574730314638,127.054333139122
153,사가정로 91,37.5762451000009,127.055424062463
154,서울시립대로 75,37.5782521348569,127.047848095585
155,서울시립대로 147,37.5832465983676,127.05314807526
156,서울시립대로 55,37.5763609781769,127.047550401605
157,신이문로 24,37.6028788172265,127.064755964937
158,안암로 114,37.5854410081288,127.032397092549
159,안암로 148-1,37.5880250474258,127.034646474872
160,약령시로 3,37.5828020608309,127.030122143894
161,약령시로 126,37.5829509655537,127.043992283655
162,왕산로 10 신설동역,37.5758921207494,127.024866002013
163,왕산로 46,37.576949231,127.02856614844
164,왕산로 60-1 용두사거리,37.5772849087226,127.030147090815
165,왕산로 35,37.5771536098115,127.027282694628
166,왕산로 61,37.5780204178722,127.030038934555
167,왕산로 109 제기동역,37.5786519883012,127.035937122968
168,왕산로 156,37.5784823189353,127.040693710695
169,왕산로 225,37.5821227010138,127.047209103701
170,왕산로 226,37.5817146476483,127.047641206863
171,왕산로 238,37.5824410356194,127.048508890499
172,왕산로 288,37.5859708823746,127.052044310075
173,왕산로 4 신설동역,37.5756082077054,127.024042802335
174,왕산로 68 용두사거리,37.5774850954352,127.030898977222
175,왕산로 78,37.5777111378381,127.031977933743
176,왕산로 87 제기동역,37.5785050343727,127.033173073072
177,이문로 1길 11 시조사 삼거리,37.588145358112,127.052406552023
178,이문로 9 회기동 현대아파트 앞,37.5890821683644,127.054292958813
179,이문로 8,37.5885264903456,127.054371132232
180,이문로 46,37.591426120246,127.05711301479
181,이문로 38,37.590757612557,127.056680204054
182,이문로 100,37.5956972999549,127.059962082851
183,이문로 190,37.6035061893356,127.062220135696
184,이문로 39 회기시장,37.591159618723,127.056526746116
185,이문로 30,37.5901844200243,127.056453204298
186,이문로 96-1,37.5954449532677,127.059742999252
187,이문로 117,37.5972608406489,127.060568813846
188,이문로 186,37.603186303317,127.062285551735
189,장한로 67,37.5670880830535,127.068047915762
190,장한로 129,37.5719953693996,127.070930222624
191,장한로 119,37.571449705126,127.070212938267
192,장한로 201,37.5784735749867,127.071732900181
193,전농로 38,37.5682695057958,127.057283908322
194,전농로 160,37.5791481125415,127.056918990867
195,전농로 110,37.5747098330695,127.057992394709
196,전농로 102,37.5739827977728,127.057855083646
197,전농로 120,37.5756780902364,127.057893639308
198,전농로 130,37.5764764452173,127.057926520861
199,전농로 161,37.5789645070649,127.056508355519
200,전농로 211,37.5830564911453,127.053541589111
201,전농로 212,37.5831556498938,127.054026221515
202,전농로 35,37.5682404666739,127.056780404965
203,전농로 64-1,37.5706233850379,127.057410113813
204,제기로 49,37.5867491900555,127.038588795341
205,제기로 94,37.5866036766201,127.043519699673
206,제기로 2,37.5862566605934,127.033105863476
207,제기로 46,37.586357936761,127.038164357522
208,종암로 2,37.5905016151078,127.03670087062
209,천호대로 429,37.5615102129318,127.066756070424
210,천호대로 80,37.5737502794894,127.032295693384
211,천호대로 용두 4교 앞,37.5747753411,127.023532104042
212,천호대로 64,37.5736138630578,127.030277829499
213,천호대로 67,37.5741239005538,127.031032071934
214,천호대로 20,37.5743400943334,127.025164225873
215,천호대로 313,37.5654438438652,127.055308303617
216,천호대로 281,37.5675757498172,127.052209219835
217,천호대로 381,37.5623077160152,127.061385875063
218,천호대로 433,37.5614539694954,127.067111413053
219,천호대로 133,37.5745483247197,127.03876781084
220,천호대로 151,37.5737131451548,127.040255857681
221,천호대로 9,37.5751158380876,127.024798274831
222,한천로 90,37.5693106909476,127.06429335811
223,한천로 111,37.5711944935865,127.065112034558
224,한천로 32,37.564873670176,127.060675351379
225,한천로 49,37.5665654319352,127.061619144834
226,한천로 424 쌍용아파트 앞,37.5982620305157,127.067997142659
227,홍릉로 13,37.5814442666027,127.044386962228
228,홍릉로 71,37.5865127451632,127.042838965888
229,홍릉로 20,37.5820709616218,127.044958497105
230,황물로 42,37.573327863786,127.046204557882
231,회기로 119,37.5916154526907,127.049881507688
232,휘경로 9,37.5961287575383,127.061416705231
233,"신내로 155 신내8단지,서울의료원(07-279)",37.6138586180414,127.094322735523
234,신내로 110 신내동성3차아파트(07-275),37.6097999635226,127.096294599887
235,중랑역로 256 하나은행(07-376),37.6155768421423,127.076879130807
236,"동일로 919 묵동삼거리,먹골역(07-103)",37.6124704724842,127.077065869395
237,동일로 918 던킨도너츠 앞,37.6123842054697,127.077680213483
238,동일로 884 먹골역(07-426),37.6092922389321,127.078290272723
239,동일로 859 한국전력동부지사(07-105),37.6071000721682,127.078108358049
240,동일로 810 중화역1-2(07-108),37.6028392360854,127.079539850702
241,동일로 809 중화역3-4(07-107),37.602556779744,127.078862460168
242,동일로 688 KT중랑지점사거리(07-112),37.5918559442418,127.080383940649
243,동일로 635 면목2동(07-115),37.5871710941803,127.079661758406
244,동일로 476 늘푸른동아아파트(07-123),37.5737484410794,127.080474957883
245,용마산로 217 용마산역3번출구(07-209),37.5732265834742,127.085972757774
246,용마산로 341 면중초등학교(07-200),37.5823515378099,127.093153434495
247,용마산로 252 용마폭포공원(07-206),37.5751759965089,127.089222458333
248,용마산로 388 용마문화복지센터(07-195),37.5862588370822,127.09534344848
249,용마산로 447 우리은행망우동(07-192),37.5912469916195,127.097559333015
250,용마산로 516 삼용사입구(07-188),37.5969789105326,127.100468833225
251,봉우재로 233 우림시장(07-165),37.5955570436314,127.098776224176
252,봉우재로 127 면목6거리(07-155),37.5930065243982,127.087095425199
253,봉우재로 36-1 KT중랑지사(07-148),37.5902610987959,127.077417968022
254,겸재로 94 동서그랜드맨션(07-222),37.5860643948377,127.078194610746
255,겸재로 119 하나은행면목지점(07-225),37.5870794832045,127.080956684916
256,겸재로 188 면목역2번출구(07-228),37.5883565255541,127.088640937151
257,면목로 415 면목역3번출구(07-170),37.5890238707536,127.087094067732
258,사가정로 429 용마산교차로(07-250),37.5807028090239,127.092352106819
259,상봉로 51 동원시장(07-313),37.5905080801592,127.093335250732
260,면목로 478 상봉역3번출구(07-166),37.5944317246699,127.086220214972
261,면목로 418 면목역1번출구(07-171),37.5892429567325,127.087628742548
262,면목로 390 면목본동주민센터(07-172),37.5868730270082,127.088299628511
263,중랑천로 70 서울우유앞(07-145),37.5914493053136,127.073216068622
264,중랑천로 94 중랑교동부시장(07-321),37.5938447204529,127.072862755388
265,망우로 203 중랑역동부시장1(07-124),37.5939956436071,127.075008982696
266,중랑천로 176 건너편 중화2동체육공원(07-427),37.6002815265018,127.073964301251
267,중랑천로 342 건너편 한국아파트(07-377),37.6152098607478,127.073788009146
268,봉화산로 42 중화역3번출구(07-254),37.6014557354031,127.078913616186
269,봉화산로 123 쌍용아파트신내테크노타운앞(07-261),37.6040273751759,127.087795907582
270,봉화산로130 엘지아파트앞(07-263),37.6031912047672,127.08846839655
271,신내로 71 중랑구청사거리(07-273),37.60554852465,127.095110195174
272,신내로 50 성원아파트(07-272),37.6035175568825,127.095946989512
273,용마산로 616 신내새한아파트앞(07-305),37.6049332871517,127.10122617607
274,망우로 55길 8 망우역(07-417),37.5986071269626,127.093062043655
275,상봉로 117 상봉터미널(07-309),37.5966105389259,127.092593932094
276,양원역로 37 경남아파트(07-329),37.6038149556823,127.107071806275
277,망우로 198 이디야커피 앞,37.5933277359226,127.074871189969
278,망우로 417 하나은행망우동(07-137),37.5996961232742,127.098539361648
279,숙선옹주로 11 동양쇼핑(07-373),37.6155291005433,127.078504991097
280,중랑역로 69 태릉시장입구(07-397),37.5995717056874,127.077916811691
281,중랑역로 188 묵2동주민센터(07-386),37.6101557030037,127.076293791843
282,망우로 390 망우역(07-134),37.5983250233209,127.095991278593
283,망우로 271 서울중랑우체국 앞,37.595969438453,127.082706165917
284,망우로 252 SC제일은행 앞,37.5948116093843,127.080703492652
285,망우로 268 한샘교회(07-128),37.5952768871308,127.08239038348
286,신내로 277 화랑대역6번출구(07-294),37.6190336864781,127.086231060231
287,동소문로 동선동1가117 국민은행앞 성신여대 중앙차로버스정류장(한성대→길음역),37.5936958620852,127.017725560571
288,아리랑로 동선동4가 6-5 성신여대마을버스정류장,37.593400667274,127.016694750507
289,아리랑로 동선동6가 143-2 성신여대입구역 버스정류장,37.5933250037065,127.016554554005
290,정릉로44길 7 돈암동삼성아파트입구 버스정류장(청진동해장국집앞),37.6014278847442,127.02480145687
291,정릉로31길 30 정릉1치안센타앞  버스정류장,37.6038806342175,127.01537029403
292,정릉로 282 정릉교회 앞,37.6031275113367,127.014541747883
293,정릉로 26길 1 정릉2동 주미센타앞 버스정류장,37.6044649510099,127.01113959801
294,정릉로 161 고려중학교앞 버스정류장,37.607838568731,127.002830184796
295,보국문로7-10(정릉동 966-1) 우리마트앞 버스정류장,37.6051347604256,127.010996891417
296,장위2동64-121(화랑로245)돌곳이역 6호선1번출구,37.6108021698843,127.056410004665
297,화랑로167(상월곡동 26-5) 월곡중학 교앞 버스정류장(숯불구이포차앞),37.6069551458063,127.049109182866
298,화랑로15길 4(상월곡동 55-56) 상월곡역 버스정류장,37.6057245942274,127.046386762411
299,월곡로108(하월곡동 35-1) 월곡역 버스정류장,37.6015896687813,127.041581437148
300,장위2동64-87(돌곶이로103) 장위2동 주민센타버스정류장,37.6120708520559,127.05546037933
301,월계로52(하월곡동 79-107) 방천시장 입구 교차로 사거리 건널목 성명프라자앞,37.6114698165443,127.035565905427
302,"보문로61(보문동7가32-4),보문동주민 센타버스정류장",37.5807751898586,127.021439462939
303,안암동5가100-9(인촌로95)안암역2번출구,37.5864604855266,127.029996018776
304,안암동5가100-9(인촌로95)안암역3번출구 건널목 변압기옆,37.5864604855266,127.029996018776
305,장월로89-1 국민은행장위동지점 버스정류장,37.6138683197721,127.048736453596
306,돌곶이로 209 국민은행장위동지점 버스정류장,37.6182873968736,127.046504096756
307,"월계로40길7 장월초교,참누리아파트 마을버스정류장",37.6229473543321,127.048397229405
308,보문로34길 68,37.5910029496211,127.01905919092
309,동소문로304 횡단보도 앞,37.606911063533,127.028676924243
310,동소문로 106,37.5925747617089,127.017088831326
311,도봉로 29,37.6118346553547,127.029945387298
312,동소문로 248 상가지역,37.6034678685904,127.024555597427
313,보문로 156-2,37.5887407493812,127.017226540596
314,보문로 190,37.590845726407,127.014641828315
315,화랑로245. 돌곶이역 1번출구 앞 버스정류장 (08-142),37.6108915787201,127.056534088948
316,화랑로167. 월곡중학교 앞 버스정류장 (08-353),37.6069551458063,127.049109182866
317,월곡로108. 월곡역 5번출구 앞 버스정류장 (08-132),37.6015896687813,127.041581437148
318,종암로135. 종암경찰서 앞,37.6023479892694,127.032208510042
319,오패산로3길 17. 동신아파트 앞 버스정류장 (08-403),37.6045938575122,127.034545326817
320,보문로80. 브라운관광호텔 앞 버스정류장 (08-182),37.582574170344,127.021125355981
321,보문로61. 보문동주민센터 맞은 편 버스정류장 (08-183),37.5807751898586,127.021439462939
322,보문로124. 보문역 3번출구 앞 버스정류장 (08-326),37.5861234210272,127.01920207553
323,고려대로99. 안암역 2번출구 앞,37.5865042283274,127.030524775402
324,고려대로102. 안암역 3번출구 앞,37.5861506714034,127.030553049203
325,성북로66. 홍대부고 입구 버스정류장 (08-233),37.593392915784,127.001707407201
326,화랑로42길 48. 우리은행 앞 쉼터,37.6138905349432,127.064745918189
327,고려대로24길 15. 개운사입구 버스정류장 (08-304),37.5855551086711,127.029515833691
328,길음로74. 버스정류장 (08-786),37.6092896639058,127.021033925155
329,길음로20. 버스정류장 (08-662),37.6047542475415,127.023040195601
330,길음로33. 버스정류장 (08-529),37.6050492482263,127.022009385841
331,안암로105. 우신향병원 앞 버스정류장 (08-157),37.5851093424116,127.031435046602
332,화랑로77. 월곡역 2번출구,37.6025206331366,127.040891049858
333,아리랑로119. 정릉역 2번출구 앞 버스정류장 (08-263),37.6025333602475,127.0133380681
334,아리랑로124. 정릉역 1번출구 앞 버스정류장 (08-264),37.6030249962294,127.013639728362
335,오패산로22. 생명의 전화 버스정류장 (08-575),37.604220157337,127.037684366424
336,종암로122. 스타벅스 앞 버스정류장 (08-151),37.6012026108787,127.033955689737
337,도봉로357 구청사거리 우리은행 앞,37.6396341800032,127.026843825057
338,도봉로337 파리바게트카페 앞,37.6380260896375,127.025268963896
339,도봉로317 ABC마트 앞,37.6368217558339,127.023909902404
340,도봉로48 마아사거리 맥도날도 뒤,37.6132972958001,127.030395166785
341,도봉로52 y스퀘어 앞,37.613699372646,127.03052852605
342,도봉로314 삼성화재 앞,37.6361179427387,127.02417263596
343,도봉로 352 앞 (3개 1조),37.6386747681785,127.0270330299
344,도봉로308 북한산스카이빌딩 앞,37.6356640949861,127.02383520999
345,한천로1019 솥뚜껑식당 앞,37.6388674960002,127.028158053174
346,한천로1016 버스정류장,37.6389007741291,127.028773170473
347,한천로1042 쿨노래방 앞,37.6404651429394,127.026512715111
348,한천로1160 거목노인요양원 앞,37.6475610342655,127.016587093993
349,한천로1151 섬진강 민물장어 앞,37.6466117749406,127.017099051043
350,한천로1121 성북교회 앞,37.6448820560805,127.019488566052
351,한천로1093 하나은행 앞,37.6432302306561,127.021839242309
352,한천로1071 더타이어샵 수유점 앞,37.6419028875761,127.023771033384
353,노해로50 성실교회 앞,37.6398406069188,127.022947356002
354,노해로121 청기와 보신탕 앞,37.6460584538069,127.02442083476
355,노해로105 삼화패인트 앞,37.6449198105102,127.023433314269
356,덕릉로45 화계유치원 앞,37.6346470625372,127.01885552841
357,덕릉로46 화계유치원 건너편(국민은행 수유서지점 옆),37.6340697427662,127.018655647874
358,덕릉로96 G2BAR 앞,37.6345841485514,127.024399745277
359,인수봉로289 사브리나 애견샵 앞,37.6445861423491,127.010519330934
360,인수봉로235 삼각산드림빌라 앞,37.6400774094141,127.011760367558
361,인수봉로198,37.6372943817374,127.013229735892
362,삼각산로114 남양당한의원 앞,37.6406716493397,127.016660001891
363,월계로191-40 재활용품선별처리시설장 앞,37.6226742921049,127.043467089727
364,월계로57 부영문방구 앞,37.6122063135455,127.035769330112
365,월계로17 이웃사랑치과 앞,37.6101538928285,127.031884339067
366,솔샘로335 삼양동입구 사거리 앞,37.6173367738965,127.029381371568
367,솔샘로327 테마빌딩 앞,37.617439353054,127.028455452166
368,솔샘로264 비발디 PC방 앞,37.6190759116726,127.021645846432
369,오현로197 모닝글로리 번동점 앞,37.6290801508301,127.039561131346
370,삼양로 161 버스정류장,37.6183899941147,127.021123478902
371,삼양로186 CU 강북삼양점 앞,37.6205111970209,127.021082961339
372,삼양로372 원헤어샵 앞,37.6366206241331,127.017401188526
373,삼양로464 씨채널안경 수유점 앞,37.6446328258772,127.016015821079
374,삼양로643 지리산숯불구이 앞,37.6603846723988,127.013410517672
375,삼양로469 이종은 치과 앞,37.645123754812,127.015469662461
376,삼양로431-1 수유대학약국 앞,37.6420234286922,127.016429502362
377,삼양로335 구)수유1동주민센터 앞,37.6333352732747,127.017383995161
378,덕릉로 28 나은스튜디오 앞,37.6339915538154,127.016743139808
379,삼양로 296 버스정류장 앞,37.6299135908845,127.01803719926
380,인수봉로 139 동아운수 앞,37.6322086603214,127.0133950302
381,삼각산로115,37.6409214297195,127.017097860052
382,삼각산로141,37.6412378678474,127.019892673607
383,삼각산로165,37.6424198995304,127.021762864008
384,한천로1098,37.64377775815,127.021842348593
385,한천로1152,37.6469479737772,127.017428866175
386,도봉로348 교보빌딩 앞,37.6383188991553,127.026548094798
387,삼양로543 앞 버스정류장,37.651403702186,127.01239469909
388,인수봉로160앞 마을버스 정류장 한신대 맞은 편,37.6341348542323,127.013600548831
389,인수봉로84길5 (윤극영가옥 버스정류장),37.6464710578,127.010881739751
390,도봉로399 수유 메가박스 앞,37.6424075100379,127.029806166339
391,노해로 90 참숲바베큐 앞 버스정류장,37.6434951625472,127.023036746156
392,노해로 57 수유중앙시장입구 옆 버스정류장,37.6407709202116,127.022233155548
393,인수봉로 309 앞 버스정류장,37.6463600134248,127.010360605546
394,한천로 983 앞 버스정류장,37.6367793783539,127.031352682497
395,한천로 984 앞 버스정류장,37.6370270607124,127.031684180229
396,덕릉로 171 옆 버스정류장,37.6355306861797,127.032741037611
397,덕릉로 133 앞 버스정류장,37.6352458935583,127.028543926314
398,서울특별시 강북구 솔샘로 233 (미아동),37.6204222475002,127.019095469624
399,오현로 156 번동 해모로아파트 앞 버스정류장,37.6262740785715,127.0369032128
400,오현로 163 앞 버스정류장,37.6270058203577,127.037029657175
401,인수봉로 269 인수중학교 앞 버스정류장(09-116),37.6430505301735,127.009135759866
402,한천로 939 한성운수종점 버스정류장(09-290),37.6343588057555,127.034218203054
403,삼각산로 16(인수동 환경미화원 후생관) 앞,37.6384118060362,127.006489658238
404,도봉로 161 강북휴요양병원 앞,37.6231640287055,127.027006795941
405,서울특별시 강북구 덕릉로 77 (수유동),37.6348171023156,127.022332439406
406,삼양로371 삼양로 371 09-134 버스정류장,37.6365385949719,127.017054709498
407,인수봉로 39 미양중고 버스정류장(09847),37.6236671693342,127.012179171162
408,인수봉로14길 4 미양중고 버스정류장(09501),37.6241414663908,127.012864123832
409,인수봉로 39 미양중고 버스정류장(09218),37.6236671693342,127.012179171162
410,인수봉로12길 6 미양중고 버스정류장(09217),37.6234991888678,127.013349062896
411,오현로 204 번동초등학교 앞 횡단보도,37.6290238580608,127.040039390037
412,오현로207 벌말어린이공원 앞 버스정류장(09228),37.6308935874817,127.038680261439
413,오현로 156 해모로아파트 상가 앞 버스정류장(09870),37.6262740785715,127.0369032128
414,4.19로 88-1 백련사 앞 버스정류장(09875),37.6449169778938,127.005194422837
415,월계로 59 교통정보센터 앞 09994 버스정류장,37.6122971434462,127.036031909017
416,월계로 83 cu미아창문점 앞 09978 버스정류장,37.6138171639221,127.037878582467
417,삼양로 247 롯데마트 삼양점 앞,37.6255182619776,127.017747047824
418,솔샘로212 미아동 1339-1 앞,37.6199624506687,127.016238768666
419,강북구 삼각산로 16,37.6384118060362,127.006489658238
420,도봉로 955 도봉산역광역환승센터 앞,37.6897506980596,127.04491945608
421,도봉로 941 SK주유소 앞,37.6883740291887,127.045327229383
422,도봉로 851 북서울농협 앞,37.6803991475084,127.045004393783
423,도봉로 771 국민은행 우측,37.6733973469258,127.043868682554
424,도봉로 749 먹거리부페 앞,37.671418743033,127.043524069593
425,시루봉로 285 오봉초교 정문 앞,37.6717184874026,127.040258979982
426,도봉로 735 맥도날드 앞,37.6701101596423,127.043279608762
427,도봉로 486 쌍문역 1번 출구,37.6487905939508,127.035138027505
428,도봉산길 35 도봉산입구,37.6869159766475,127.041152294922
429,도봉동 637-37 도봉역 2번 출구,37.6772720621281,127.044921907202
430,도봉로 948 도봉산역 1번 출구,37.688861412909,127.046140090232
431,마들로 849 누원 고등학교앞,37.6855689580624,127.049932683549
432,마들로 797 도봉 기적의 도서관 앞,37.6808029698392,127.050132749664
433,도봉동 637-53 신도봉교 옆,37.6802391785755,127.047194690401
434,도봉로170길 16 래미안 도봉 아파트,37.6802696327288,127.046511586046
435,마들로 749 서울북부지방법원,37.6773960624828,127.047164096393
436,마들로 671 도봉중학교 앞,37.6708838426227,127.045871656464
437,삼양로 538 덕성여대 입구,37.6510615144403,127.013174498748
438,삼양로 582 파리바게트 앞,37.6550474459332,127.01331674508
439,노해로63길 67 창동역 2번출구,37.6529122597271,127.045586702165
440,도봉로 483 쌍문역 4번 출구,37.6489391638953,127.034535261333
441,해등로 373 청한빌라 정문앞 버스정류장,37.6565577596181,127.014850437729
442,해등로 373 청한빌라옆 마을버스정류장,37.6565577596181,127.014850437729
443,우이천로 432 효문고등학교 앞,37.6526987118348,127.0184004627
444,쌍문동 429-9 덕성여대 후문앞,37.6527043831533,127.017239832526
445,우이천로 401 쌍문1치안센터 앞,37.6500857523128,127.020169373385
446,우이천로38길 81 꽃동네 3번 종점,37.6526045521576,127.022589450319
447,우이천로 381 코오롱아파트 앞,37.6491643645203,127.022401551192
448,우이천로32길 12 쌍문초교 담장 옆,37.6482461556692,127.025165910841
449,노해로41가길 16 e편한 세상아파트 앞,37.6499814851783,127.027430789794
450,우이천로30길 28 염광아파트앞,37.6484989879998,127.026329281809
451,노해로 133 김밥천국 앞,37.6470762990531,127.02525775229
452,시루봉로 53 선덕고등학교 앞,37.656348677029,127.026876586438
453,쌍문동 12 발바닥공원 앞,37.6604908000898,127.035277613881
454,해등로 195 삼익세라믹 109동 앞,37.6578378451702,127.033787334216
455,해등로 195 삼익세라믹 103동 앞,37.6578378451702,127.033787334216
456,해등로 166 북부농협 앞,37.6572684633419,127.038373675931
457,도봉로 603-1 쿠쿠 서비스센터 앞,37.65876473622,127.040229884795
458,도봉로 581 보건소 사거리,37.6570120913861,127.039323680367
459,도봉로 551 도봉구민회관 맞은편,37.6544885008684,127.037758938487
460,도봉로129길 54 창경초등학교,37.6566021823161,127.034602499962
461,노해로 217 H.S빌딩 앞,37.6512847538218,127.032416722478
462,노해로 170 금용 아파트 앞,37.6493604231163,127.027876345375
463,노해로 226 구립어린이집 앞,37.6509394664763,127.033175237129
464,도봉로 551 소피아관광호텔 앞,37.6544885008684,127.037758938487
465,도봉로 479 쌍문역 3번출구 횡단보도 앞,37.6486447764794,127.034350535499
466,도봉로 469 문화주차장 앞,37.6476184727601,127.033703271868
467,도봉로 606 쌍용자동차 앞,37.6585620862941,127.041327713493
468,우이천로 302 한일병원,37.6446785383204,127.029053005049
469,우이천로 302 한일병원 맞은편,37.6446785383204,127.029053005049
470,시루봉로 64 쌍문4동 주민센터 앞,37.6564817347697,127.028110647016
471,해등로 243 금호아파트 상가 앞,37.6576268981974,127.029523602361
472,시루봉로6길 86 현대1차 108동 앞,37.6591763335951,127.03221343839
473,해등로 218 보성빌딩 앞,37.6581564278861,127.032521026155
474,해등로 264 선덕고 사거리,37.6583037299981,127.027604638646
475,도당로6길 36 강북 성복교회 앞,37.6614530887506,127.036912006782
476,방학로 137-1 신한은행 맞은편,37.6626205881994,127.036886744297
477,도봉로145길 65 동부센트레빌 앞,37.6645353361782,127.038902628504
478,방학로 136 신한은행 앞,37.6631715668152,127.037082749417
479,도봉로 723 동물병원 앞,37.6690968538786,127.043207159135
480,도봉로 693 지센 앞,37.6664026615961,127.042686492725
481,방학동 709 사계공원 여름 화장실 앞,37.6634357093775,127.042996130685
482,방학동 679 사계공원 봄 ,37.6634045735845,127.042141438017
483,방학동 709 사계공원 가을 ,37.6634357093775,127.042996130685
484,도봉로 686 녹산교회 앞,37.6656469745903,127.043275770371
485,도봉로 720 도봉병원 앞,37.6687608389773,127.043802479997
486,마들로 657 도봉구청 맞은편,37.6683298607216,127.045337365161
487,도봉로150길 42 삼성래미안 2단지 앞,37.6657379762188,127.04589104419
488,방학로 56 청송식당 앞,37.6629650966107,127.046175171458
489,방학로 32-28 창도초교 중랑천변,37.6641348713315,127.048784033819
490,마들로 656 도봉구청 앞,37.6687161285201,127.047131400119
491,마들로 598 문화고등학교 앞,37.6641314270343,127.047285814495
492,마들로 624 대상타운 현대상가 앞,37.6657841569947,127.046680603721
493,방학로 158 연세치과 앞,37.6627251095324,127.034479198916
494,방학로 180 방학2동 어린이집 앞,37.6624621965262,127.03227390611
495,시루봉로 226 방학2동 주민센터 앞,37.6682135355595,127.035051179905
496,시루봉로 221 방학2동 주민센터 맞은편,37.6682637871624,127.034518484653
497,시루봉로 251 방학2동 공영주차장,37.6699294271241,127.037192997946
498,시루봉로 145 천주교 방학동 성당,37.6638683275755,127.027792233124
499,방학동 산87-19 우이그린빌라 앞,37.6572797551098,127.018980018008
500,해등로 286-5 우성아파트 101동 옆,37.6577297495789,127.024159241858
501,방학동 567-8 정의공주묘 맞은편,37.6616448654388,127.02331288275
502,방학동 498-18 방학3동 주민센터 맞은편,37.6587209725847,127.027613632866
503,해등로 307 우성2차 201동 앞,37.6566747087322,127.022753987328
504,해등로 307 우성2차 202동 앞,37.6566747087322,127.022753987328
505,시루봉로 94 방학3동 주민센터 앞,37.6591757846693,127.028010685176
506,방학로 193 신동아 1차 11동 앞,37.6609324564424,127.027892798566
507,방학로 187 부동산 씨티 앞,37.6619351846442,127.031375612823
508,방학로 161 한국 SGI 앞,37.6620866381715,127.034293827472
509,방학로 210 신동아타워 앞,37.6621723415736,127.028831224455
510,시루봉로 156 신방학중학교 앞,37.6641404281763,127.028898968518
511,방학로12길 53 천주교성당 맞은편,37.6633420641888,127.028548221122
512,시루봉로 173 신방학초교 앞,37.6666842526367,127.028918089521
513,도봉로110길 25 KT 도봉빌딩,37.6463887903389,127.035009534236
514,도봉로 460-1 창경빌딩 앞,37.6467652236262,127.034078514825
515,덕릉로 350 주공4단지 408동 앞,37.643576078181,127.04833231473
516,해등로 50 등기소 맞은편,37.6499980805714,127.043301703142
517,해등로 50 이마트교차로,37.6499980805714,127.043301703142
518,노해로66길 84 창일초교 앞,37.647657641563,127.047626299257
519,노해로62길 7 창동고등학교 앞,37.6510357712645,127.038819095625
520,덕릉로 350 주공4단지 401동 앞,37.643576078181,127.04833231473
521,창동 산 164 녹천역 1번출구 앞,37.6448934935248,127.050280722003
522,도봉로110다길 5 창동한신아파트,37.6454663057092,127.034284825067
523,덕릉로 315 문화정보센터 앞,37.6446909352991,127.043768286365
524,도봉로 428 칠성사이다 앞,37.6439530939496,127.032404811461
525,덕릉로63길 38 창림초교 앞,37.6431136393928,127.040584929201
526,덕릉로 253 열쇠가게 앞,37.6402972948667,127.039396106053
527,덕릉로 219 양조장 앞,37.6379295545802,127.037023068264
528,우이천로20길 7 건영아파트 103동 앞,37.6417332058849,127.034771563448
529,우이천로20길 7 건영아파트 103동 맞은편,37.6417332058849,127.034771563448
530,덕릉로 230 신창동물병원 앞,37.6382574737839,127.037996921242
531,덕릉로 248-1 하나은행 맞은편,37.6396165345664,127.039325046813
532,창3동 504-21 공영주차장앞,37.6330862755364,127.041454987982
533,덕릉로 276 리싸이클씨티 앞,37.6415991445581,127.041192434008
534,도봉로136길 111 창동 아이파크현대2차 앞,37.6616433669312,127.046379941319
535,방학동 710 방학사거리 사계공원 겨울,37.662317351896,127.042912637466
536,마들로 555 쌍용아파트상가 앞,37.6603292711101,127.048652457888
537,노해로69길 97 동아 청솔아파트상가 앞,37.6568264212057,127.049334440854
538,마들로11길 74 창동역1번출구마을버스정류장앞,37.6540775923559,127.048737337133
539,마들로11길 57 창동역1번출구 8번마을버스정류장앞,37.6535060444313,127.05015756821
540,노해로69길 25 창동역1번출구 민물장어 앞,37.6535785379122,127.050452367786
541,마들로11길 37 창동역1번출구 론스타 앞,37.6537387729177,127.051195304242
542,마들로11길 20 창동역1번출구 농협하나로마트 정문 앞,37.655110585923,127.050831341385
543,노해로 392 창4동 주민센터 앞,37.6522871533292,127.051715013765
544,노해로 391 창4동 주민센터 맞은편,37.652839321952,127.051608988278
545,노해로70길 96 월천초교 앞 ,37.6480473803247,127.051753886647
546,덕릉로66길 17 녹천역3번출구 주공17단지1710동 앞,37.6437121231525,127.053952436142
547,노해로70길 126 주공17단지 1806동 버스정류장 앞,37.6472697635048,127.052316850268
548,마들로 551 동아청솔아파트 117동 담장옆,37.6594619686214,127.048035937611
549,노해로69길 132 시립창동운동장 및 문화체육센터,37.6581173975205,127.05070532949
550,노해로69길 132 시립창동청소년수련관 앞,37.6581173975205,127.05070532949
551,마들로 552 순복음한성교회 앞,37.6606131555618,127.04933887329
552,도봉로 528 현대리바트 앞,37.6522225995887,127.037255443349
553,도봉로 552 도봉구민회관 앞,37.654167270914,127.038684851483
554,도봉로 578 보건소 사거리 우리은행 앞,37.6562940617336,127.039703171252
555,도봉로 610 경복궁앞,37.6589162993966,127.041221492754
556,도봉로136다길 4 가인초교 앞,37.6594678039701,127.042950889775
557,창동 330 창동역 2번 출구 공영주차장 앞,37.6523646162359,127.04565447287
558,노해로 327 하누소 앞,37.6515058543634,127.04480620796
559,해등로16길 12 창동 현대1차 앞,37.6562348415638,127.040572917949
560,해등로 113 창동 주공1단지 앞,37.6535941804637,127.039156654217
561,해등로 103 창원초교 앞,37.6526440884387,127.039979883482
562,도봉산길 13 도봉산성당앞,37.6872122741161,127.044232810406
563,방학동 산85-1 우이그린빌라 맞은편,37.658048089087,127.020725478893
564,도봉로125길 94 삼화빌딩 맞은편,37.6565975988284,127.037794684504
565,마들로11길 74 창동역 1번출구,37.6540775923559,127.048737337133
566,도봉로 494 쌍문역 국민은행,37.6494466496988,127.035573016157
567,도봉로 555 메가박스 맞은편,37.6548375550449,127.037997209029
568,도봉로 523 하이준빌딩 앞,37.652118517704,127.036449006949
569,도봉로 479 정인한의원 맞은편,37.6486447764794,127.034350535499
570,도봉로113길 7 쌍문역 마을버스 정류장,37.6479366327791,127.033623529587
571,도봉로 468 쌍문역 신한은행 앞,37.6473861862855,127.034372618396
572,도봉로 534 간선지선마을버스 정류장,37.6527598701811,127.037493798917
573,도봉로 552 구민회관 앞,37.654167270914,127.038684851483
574,도봉로 590-1 도봉보건소 맞은편,37.6573796511535,127.040246363278
575,도봉로180길 9 중흥S클래스아파트 앞,37.6838906880458,127.046905987646
576,도봉로170길 2 럭키아파트 앞,37.6803629061562,127.045764016316
577,도봉로 769 KB국민은행 도봉지점 앞,37.6731423796755,127.043841894766
578,도봉로 675 홈플러스 맞은편,37.6647154157462,127.0423790577
579,도봉로 588-5 보건소사거리 다비치안경 맞은편,37.6571803198268,127.040346210618
580,도봉로 604 에이치큐브병원 앞 ,37.6583143285943,127.041034393222
581,마들로 656 도봉구의회 앞,37.6687161285201,127.047131400119
582,마들로 656 도봉구의회 건너편,37.6687161285201,127.047131400119
583,도봉로 지하 486-1(창동) 쌍문역 1번출구,37.6488498649136,127.034880717215
584,도봉로 지하 486-1(창동) 쌍문역 2번출구,37.6488498649136,127.034880717215
585,도봉로 지하 486-1(창동) 쌍문역 3번출구,37.6488498649136,127.034880717215
586,도봉로 지하 486-1(창동) 쌍문역 4번출구,37.6488498649136,127.034880717215
587,마들로11길 74 플랫폼61 앞,37.6540775923559,127.048737337133
588,도봉로150다길 3 방학역 1번출구,37.6663466100476,127.044423079471
589,도봉로150다길 3 방학역 2번출구,37.6663466100476,127.044423079471
590,도봉로150다길 3 방학역 3번출구,37.6663466100476,127.044423079471
591,도봉로170길 2 도봉역 1번출구,37.6803629061562,127.045764016316
592,도봉로170길 2 도봉역 2번출구,37.6803629061562,127.045764016316
593,도봉로170길 2 도봉역 3번출구,37.6803629061562,127.045764016316
594,도봉로 948 도봉산역 1번출구,37.688861412909,127.046140090232
595,도봉로 941 도봉산역 1번출구 맞은편,37.6883740291887,127.045327229383
596,도봉로 964-40 도봉산역 2번출구,37.6891205614059,127.046528790935
597,도봉로 948 도봉산역 3번출구,37.688861412909,127.046140090232
598,도봉로 720 도봉병원 부근,37.6687608389773,127.043802479997
599,도봉로 730 안경점 부근 횡단보도,37.6694430352403,127.043872248841
600,마들로 916 창포원 남측입구,37.6895391740107,127.047162261964
601,노해로66길 60 창일중 앞,37.6489875082627,127.046913603037
602,덕릉로 315 정보도서관 건너편,37.6446909352991,127.043768286365
603,노해로66길 60 창일중 건너편,37.6489875082627,127.046913603037
604,방학로3길 107 서울탁주 건너편,37.6584191267756,127.038864758122
605,우이천로 200 창2동 금용아파트 전 계천변,37.6375652687123,127.035914155304
606,도봉로110다길 51 창2동 태영아파트 앞,37.6432046774836,127.032943371392
607,해등로 32길 11 초당초등학교앞,37.6586278284753,127.021956174977
608,삼양로144길 33 덕성여대후문,37.6495090772702,127.016395230087
609,삼양로144길 33 덕성여대 건너편,37.6495090772702,127.016395230087
610,마들로 749 법원정문 건너편,37.6773960624828,127.047164096393
611,도봉로180길 77 도봉1동 극동아파트 후문',37.6826241037876,127.049309575636
612,마들로 835 도봉1동 파크빌 2단지 앞,37.6842447457236,127.05046258834
613,도봉산길 27 도봉고등학교 건너편,37.6867550062856,127.042578432977
614,도당로 91 방학동 세븐일레븐 건너편,37.6656853470668,127.036944137797
615,노해로70길 12 창4동 동아아파트 건너편,37.6507504766757,127.049522721563
616,노해로70길 12 창4동 동아아파트 앞,37.6507504766757,127.049522721563
617,노해로70길 54 창4동 1906동 앞,37.6490700030877,127.051532724973
618,노해로69길 150 자운고등학교 건너편,37.6590464061269,127.050690661699
619,노해로70길 119 창4동 1809동 앞,37.6473918267274,127.05336734472
620,노해로70길 119 창4동 1806동 앞,37.6473918267274,127.05336734472
621,마들로11길 74 창4동 환승센터 옆,37.6540775923559,127.048737337133
622,창동 1-24 창4동 축구장 옆,37.6568221794893,127.050836587996
623,노해로69길 150 자운고등학교 앞,37.6590464061269,127.050690661699
624,도봉로125길 55 쌍문3동 우체국 앞,37.6549510237791,127.036165947719
625,창동 744-7 창4동 s오일주유소 전,37.6613250370096,127.04798965116
626,마들로 598 문화고등학교 옆 대로,37.6641314270343,127.047285814495
627,시루봉로 8 쌍문3동 대우아파트 옆,37.6510931197668,127.02929743847
628,노해로 184-9 쌍문3동 신일아파트 옆,37.6506171883205,127.029426886861
629,해등로 242-12 쌍문4동 현대아파트 108동 앞,37.6586683068739,127.030724177917
630,해등로 242-12 쌍문4동 현대아파트 106동 앞,37.6586683068739,127.030724177917
631,시루봉로6길 53 쌍4 현대234차 상가 옆,37.659417638339,127.030083486611
632,방학동 611-5 샘말어린이공원,37.6684141852559,127.031535095833
633,시루봉로 156 신방학중학교 건너편,37.6641404281763,127.028898968518
634,창동 산158 초안산 생태공원 입구,37.6471717750794,127.045950552169
635,도봉로 413 우이교,37.6433958565718,127.030984043938
636,백련산로 165 은평 제일교회 앞,37.5997163790084,126.926394210983
637,백련산로 160 녹번역 센트레빌 아파트,37.5983184793122,126.926085881492
638,백련산로 15 제일 공인중개사 옆,37.5870658288231,126.922596210656
639,백련산로 36 힐스테이트 3차앞트 308동 앞,37.5884566532295,126.924767525406
640,응암로 375 르노삼성정비 녹번점,37.6047039052772,126.922461292998
641,은평로 127 원약국,37.6006299316031,126.921965672213
642,가좌로 192 부동산 랜드윈 공인중개사,37.5880607357769,126.92007405071
643,가좌로 195 응암보건지소,37.5880345830345,126.919508418307
644,가좌로 325 파리바게트,37.5962304556002,126.908969409177
645,수색로 293 서광빌딩,37.5836639330484,126.89185195974
646,수색로 246 국민은행 수색지점,37.5816774092263,126.896869942936
647,연서로 290 불광지구대,37.6214183477987,126.926581355932
648,연서로 291 서서울 농협 연서지점,37.6217584683827,126.926288888366
649,연서로 97 자동차 용품점,37.6079711403594,126.915095672454
650,연서로 108 린나이 은평점,37.6085612737697,126.915956409711
651,연서로 22 KCC 실란트/페인트,37.6010540820015,126.916387362596
652,연서로 73 신한은행 역촌지점,37.6056457550755,126.915065926274
653,연서로 72 간판(파란광고),37.6055751511888,126.915741424956
654,불광로 208 북한산대창센시티아파트,37.6254114101283,126.929802038006
655,연서로 143 조선시대,37.6117763263516,126.916922625495
656,연서로 161 BYC매장 갈현점,37.6132712264623,126.917150089307
657,불광로 20 NC백화점,37.6097357749976,126.928938477038
658,진흥로 274 청우부동산 앞,37.6104214857506,126.939553591329
659,진흥로 130 이가네 가마솥설렁탕,37.6075120898331,126.92465592312
660,갈현로 301 갈현1동주민센터 앞,37.6236884825333,126.916688820741
661,은평터널로 143 카맨샵 앞,37.5919156839871,126.905963805289
662,통일로 600녹번역 2번 출구 파파존스 앞(녹번동59-1),37.6006171747248,126.936280685005
663,통일로680 질병관리본부(녹번동115-27),37.6070491416351,126.933466675226
664,"통일로716 월마트안경 앞(무료셔틀버스,불광1동281-175)",37.6098322938982,126.930796458124
665,통일로750 시티은행 앞(불광1동267-1),37.6123342414583,126.928663502269
666,통일로830 노스페이스 매장 앞(불광1동304-2),37.6178200449338,126.922726652975
667,통일로838-4 올리비아로렌 앞(불광1동307-8),37.6183447019915,126.922332954683
668,통일로894 선일하이츠빌라 앞(불광2동484-117),37.6227285940886,126.920109784988
669,통일로928 게르만베이커리 앞(불광2동494),37.6257191192306,126.920331104981
670,통일로905 갈현흑염소 앞(갈현1동392-3),37.6237703310391,126.919602322714
671,통일로869 외환은행 앞(갈현1동395-5),37.6203691547897,126.919808968262
672,통일로835 연신내 4번출 앞 헤리토리 매장 앞(대조동),37.6179057885639,126.921723576681
673,통일로829 피에이티 매장 앞(대조동186-3),37.6174364303656,126.922217800547
674,통일로809 미용재료 민정사 앞(대조동187-54),37.6160706961224,126.92385012811
675,통일로755 곽대리 앞,37.6124428996679,126.927920415159
676,통일로715 우리은행 앞,37.609413947696,126.930308376671
677,통일로675 선일약국 앞,37.6066595928946,126.933057960005
678,은평로227 민신경정신과,37.6012985941673,126.933026639366
679,은평로205 녹번동성당 앞,37.6017017901613,126.930690633442
680,은평로 171 응암지구대 앞,37.6016345299694,126.926445885297
681,은평로 68 다이소 앞,37.5987638005334,126.915301473226
682,은평로145 국민은행앞,37.6009653546002,126.923733373076
683,은평로142 연도약국 앞,37.6004900107548,126.923483934255
684,은평로170 서부세무소,37.6010893852841,126.926662375326
685,은평로202 엘림(옷가게),37.6010952944524,126.930165864365
686,은평로65 엘지휴대폰매장 앞,37.5990826021159,126.914968754235
687,은평로25 영보 안경 앞,37.5982002629832,126.9107003442
688,은평로66 투다리 앞,37.5987959283404,126.915123764889
689,서오릉로74 삼화페인트 앞,37.6070622647804,126.922490102353
690,서오릉로210 선진운수종점,37.614459484828,126.910652702074
691,서오릉로 205 선진운수 종점,37.6138351941462,126.910658206002
692,서오릉로191 알파문고 앞,37.6133298909186,126.912180132079
693,연서로 134 구산역 2번 출구 편의점CU,37.6106671991232,126.917421963329
694,서오릉로135 예림스튜디오 앞,37.6107049742791,126.917713898132
695,진흥로 105 아이안경 콘텍트,37.6063008592212,126.922521696521
696,서오릉로31 하모니마트 앞,37.6037580424032,126.924823124136
697,연서로 129 현대서점 앞,37.6104811688599,126.916686906718
698,연서로216 스타벅스 앞,37.6178000192821,126.920120155706
699,수색로202 훼미리마트 앞,37.5793568275859,126.900565244954
700,증산로465 남강숯불갈비 앞,37.5977460664926,126.915085777325
701,증산로 389 신현아파트 앞,37.5911582488442,126.913297476385
702,증산로353 금바위 감자탕 앞,37.5879302684141,126.9125702564
703,증산로 253 피자헛 앞,37.5809971416925,126.905795834418
704,가좌로236 용문수퍼 앞,37.5908949593871,126.916519768792
705,"가좌로272 대림기업,방화문 앞",37.5931808436253,126.913609344385
706,가좌로 315 화이트이든㈜ 앞,37.5956878324376,126.909848201717
707,가좌로281 신사애견미용실 앞,37.5933697043106,126.912769293746
708,가좌로237 명일스시 앞,37.5906976659165,126.916171930333
709,응암로242 푸른한의원 앞,37.5933851078271,126.918174345817
710,응암로292 한일싱크 앞,37.5974850440535,126.920511483591
711,응암로 360 전주이맛 콩나물국밥 앞,37.6031347679052,126.922777064771
712,응암로295 진로마트 앞,37.5981323304651,126.92026586131
713,응암로247 홈플러스 앞,37.5942237088269,126.917854566217
714,응암로179 롯데리아 앞,37.588055746965,126.916384242043
715,진흥로 99 기아자동차 앞,37.6057749604158,126.922124509614
716,불광로 83 포토라이트,37.6144648429015,126.932236831272
717,은평터널로 28(수색동 주민센터 건너편,37.5840401550401,126.897781020698
718,은평터널로 144 티 월드 앞,37.5918716779356,126.906369784666
719,갈현로44 엘림안경 앞,37.6017290911676,126.910473829639
720,갈현로264 버스종점 앞,37.6202572770166,126.916468032306
721,갈현로209 우진인테리어 앞,37.616087268367,126.913635404844
722,갈현로155 엔티모인테리어 앞,37.6117572616916,126.911158803174
723,갈현로123 혜성공인중개사 앞,37.6089149934071,126.910789237658
724,갈현로89신한은행 앞,37.6058987150373,126.910384801313
725,갈현로21 한혜주 미용실 앞,37.5997643597194,126.910076558457
726,은평로 102로,37.5995259145606,126.919106041551
727,갈현로329 한일목욕탕 앞,37.6260394206043,126.918224769562
728,갈현로 82 휴대폰 할인마트 앞,37.6052664482641,126.910685555782
729,진흥로113 천지인부동산앞,37.6069592479391,126.922989081374
730,서오릉로 94 국민은행 앞,37.6096199998766,126.92208958198
731,서오릉로 102 뉴타운주유소,37.6092795956577,126.920720912432
732,수색로 181 GS칼텍스 앞,37.5776733656161,126.901586459357
733,수색로261-1 수색역 앞,37.5808147253405,126.895659201671
734,연서로 146 스타벅스 앞,37.6118256229728,126.917712097114
735,연서로 277-1 은하부동산 앞,37.6211500612626,126.925190629065
736,연서로 36 역촌초 Bus정류장 옆,37.6022558067065,126.916110607775
737,갈현로 237 미미아파트 Bus정류장 옆,37.6182650546861,126.914886994422
738,응암로 154 대림오토바이,37.5858218018464,126.915843175058
739,서오릉로18 버스정류장소 옆(녹번동),37.6029021139208,126.926270579443
740,진흥로101 연세공인중개사사무소앞 역촌동1번출구앞(역촌동),37.6059011569142,126.922349178762
741,증산로400 새절역 1번출구 앞(신사동),37.5918270544017,126.913911983591
742,가좌로 204 청정옥 앞(응암동),37.5888635747313,126.919096409582
743,연서로 415 은평노인복지관 앞 (진관동),37.6322508137652,126.929982419795
744,연서로 290 불광지구대 버스정류장(불광동),37.6214183477987,126.926581355932
745,불광로 129-1 독바위역 앞(불광동),37.6183988849915,126.932810138476
746,수색로248 수색우체국 앞(수색동),37.5817519977545,126.896545371253
747,연서로177 은평연세병원 앞(갈현동),37.6146922208583,126.917472218592
748,은평로 28 신사1치안센터 앞(신사동),37.5979002662723,126.910982890812
749,연서로37 버스정류장(역촌동),37.6025595703651,126.915534870572
750,갈현로 300 갈현상가 입구(갈현동),37.6236089884632,126.917419430143
751,불광로 38 불광역5번출구 앞(불광동),37.6109678121308,126.930035335441
752,통일로 549 동부아파트 앞 (13122),37.5964934337657,126.938669959887
753,통일로443 앞,37.5883376860405,126.944369171384
754,통일로419-1 (13912),37.5867793768356,126.946024260073
755,통일로357 (무악재역4번출구),37.5819884999221,126.949846071143
756,통일로279 (대한노인회),37.741389251211,126.812116162147
757,충현동 통일로127(서대문역 2번출구),37.5658567204517,126.965998898874
758,충현동 통일로81,37.5623619358613,126.968600545721
759,홍제2동 통일로354 (무악재역 2번출구),37.5820799744169,126.950758285378
760,홍은1동 통일로 484,37.5916067956367,126.942941762759
761,홍제3동 세검정로46,37.5920696904303,126.946324798515
762,홍제3동 세검정로96,37.5960383257854,126.949261296768
763,홍제3동 세검정로 134(유원하나아파트정문 13504),37.5946849738052,126.951908917839
764,홍제3동 세검정로134 맞은편(13171),37.5946849738052,126.951908917839
765,홍제3동 세검정로89,37.5957672273102,126.948658960687
766,홍은1동 세검정로71,37.5941582600279,126.947889862397
767,홍은1동 세검정로51,37.5926695812871,126.946745695344
768,홍은2동 연희로377 현대아파트 앞 (13163),37.5910066406383,126.939320310319
769,홍은2동 연희로 339,37.5871406464348,126.934893438624
770,홍은2동 연희로271,37.5813094941161,126.935853237611
771,연희동 연희로245,37.579000010959,126.93575016104
772,연희동 연희로125,37.5689949683787,126.932297401786
773,연희동 연희로242 보건소(13156),37.5786098046138,126.936274877593
774,연희동 연희로248 구청,37.5791546257808,126.936759175119
775,홍은2동 연희로286 기업은행(13159),37.5825953589872,126.936458624008
776,홍은2동 연희로331 맞은편(13160),37.5866275832354,126.934661670187
777,충현동 충정로77(서대문역 1번출구),37.5655103718485,126.965979021916
778,충현동 충정로53 골든타워,37.5637512316327,126.964632683146
779,충현동 충정로24,37.5610805780126,126.963709702417
780,북아현동 신촌로273,37.5576193270935,126.956561333896
781,북아현동 신촌로231 횡단보도,37.5574231380096,126.951588932214
782,북아현동 신촌로 279-1,37.5575882210515,126.957242561839
783,신촌동 신촌로183(이대역4번출구),37.5570713640316,126.94632173155
784,신촌동 신촌로155,37.5569438763223,126.943246389013
785,신촌동 신촌로121,37.5562057965146,126.939295914138
786,신촌동 신촌로113,37.5559736844642,126.938569863979
787,신촌동 신촌로73,37.5563071297207,126.934520427944
788,신촌동 신촌로55-2,37.5568761049171,126.932748959855
789,신촌동 신촌로43 장로교회,37.5573837915783,126.931451616749
790,신촌동 신촌로21,37.5580627655669,126.929283196897
791,신촌동 신촌로1,37.5588738683809,126.927395065375
792,연희동 증가로16,37.5698288369378,126.931356674942
793,남가좌2동 증가로191 연가초등 후문(13233),37.5784941245016,126.917389582862
794,홍은2동 가좌로 142,37.5847077994189,126.924058593414
795,연희동 가좌로28,37.5774662151248,126.932619163964
796,거북골로53,37.5782945777333,126.922334724465
797,거북골로25,37.5799351352079,126.924742590294
798,남가좌2동 거북골로27 맞은편(13195),37.5797818152946,126.924506135387
799,남가좌2동 거북골로59 맞은편(13193),37.5779130235409,126.92181414066
800,남가좌2동 거북골로174 맞은편(13183),37.576886115689,126.911178626956
801,신촌동 신촌역로12,37.5577681142146,126.943070905642
802,신촌동 신촌역로7,37.5573527481625,126.942500021232
803,연희동 성산로306 (구)성산회관,37.566112076167,126.924183194214
804,연희동 성산로318,37.5660537103052,126.925486176296
805,연희동 성산로317,37.5665746161305,126.925549836247
806,성산로 486,37.5607282670759,126.94126714618
807,신촌동 성산로560 이대부고(13-120),37.5663888550725,126.947355714248
808,성산로 565,37.5664180410327,126.946341059071
809,남가좌1동 수색로48,37.5703970583853,126.913601142508
810,남가좌1동 수색로36,37.5699535078914,126.915104435293
811,남가좌1동 수색로43,37.5697923083984,126.913352472426
812,북가좌1동 수색로132 북가좌삼거리,37.5745924354051,126.906033137588
813,이화여대길26 맞은편,37.5579888083125,126.946033716544
814,이화여대길30,37.5582500489276,126.945927593918
815,이화여대길48,37.5590554285083,126.945880269074
816,이화여대길55,37.5590699893571,126.945412150924
817,이화여대길60,37.5592650072911,126.945114460746
818,이화여대길67,37.5590901142492,126.944707824228
819,이화여대길79,37.559043199607,126.944001057392
820,이화여대길84,37.5592461928924,126.943808614198
821,연세로 42 일삼약국,37.5592424617438,126.937123694466
822,연세로 37-1 대학약국,37.559062152017,126.936748431874
823,연세로 37 횡단보도,37.5588751602898,126.936683399111
824,연세로 23 횡단보도,37.5577621622783,126.93669022608
825,연세로 31,37.558442445714,126.936747371225
826,연세로 30,37.5582689394426,126.937133000827
827,연세로 29,37.5582223114286,126.936708737412
828,연세로 21,37.5575724058679,126.936678276732
829,연세로 22,37.5575864999901,126.937087511305
830,연세로 19 횡단보도,37.5573962853884,126.936723922634
831,연세로 18 횡단보도,37.5571605355248,126.937138232718
832,연세로 13 현대유플렉스 앞,37.5567378385686,126.936559696179
833,연세로 14-1,37.5568423428192,126.93704331946
834,연세로 6,37.556064413667,126.937028242703
835,연세로 7,37.5562869257678,126.936627417338
836,신촌로 91(신촌지하철역 1번출구),37.5555881567103,126.936375179362
837,신촌로 101(신촌지하철역 3번출구),37.5556251475484,126.937310754146
838,연세로5,37.556128952497,126.936574472337
839,명물길19,37.558034303782,126.937612390449
840,명물길23,37.5581938175898,126.937854004585
841,명물길33,37.5584026849485,126.938228336494
842,명물길41,37.5586641633737,126.938591196325
843,명물길49,37.55891264525,126.938913325005
844,명물길49(명물거리쉼터 소공원),37.55891264525,126.938913325005
845,명물길71,37.5592614802814,126.940083651767
846,신촌역로 39 맞은편,37.5589671525371,126.941034022355
847,불광천길 152,37.5819890303901,126.908992639176
848,성산로490,37.5610155646644,126.941569342334
849,신촌로279-1,37.5575882210515,126.957242561839
850,북아현로14,37.5587131618803,126.956627247741
851,모래내로 193 맞은편 (13204),37.5725248610038,126.921488666313
852,마포대로 213 애오개역 1번출구앞,37.5531146690369,126.956234737548
853,"신촌로 234앞 마을버스 정류장 (14-619),MG새마을금고",37.556913200755,126.951655356642
854,마포대로 183 버스전용차로 정류장,37.5508297062539,126.95401789968
855,마포대로53 트라팰리스 앞,37.5414321628548,126.947054064308
856,만리재로 22,37.5442040056503,126.953721086705
857,만리재로 27 횡단보드 앞,37.5447318483083,126.954279417254
858,마포대로 186 버스전용차로 정류장,37.5505948047115,126.95563699696
859,마포대로 137 버스전용차로 정류장,37.5467933983647,126.952614023327
860,마포대로 144 버스전용차로 정류장,37.5470013514751,126.953756813538
861,만리재로 15 버스정류장,37.5445849310546,126.95276773044
862,독막로 241 마포세무서 사거리 우리은행 대흥동 지점앞,37.5469174906268,126.940522524461
863,독막로 242 세무사 노기홍 사무소앞,37.5465973389474,126.940290914067
864,독막로 246 기웅빌딩앞,37.5463891321218,126.940855859935
865,대흥로122 마포구치매지원센터앞,37.550406817752,126.944278098646
866,신촌로 174 중우빌딩 횡단보드 옆,37.5564869081135,126.944997098851
867,마포대로 92 버스전용차로 정류장,37.5428436189268,126.95133595616
868,마포대로 89 버스전용차로 정류장,37.5432404955072,126.949796678491
869,마포대로 58 버스전용차로 정류장,37.5406839207239,126.948361035181
870,토정로 221 국민은행앞,37.5449893005184,126.93561268011
871,"독막로 221, 마포차이나 정문에서 10m앞",37.5475398332409,126.938457061004
872,"독막로 192, 신수동 주민센터앞",37.5471592584687,126.93510453226
873,창전로32 구수동사거리 공원입구,37.5451542706426,126.931913297335
874,백범로11 신촌로터리 버스정류장(14-169),37.5537412736609,126.937352281471
875,"백범로 122, 풍천민물장어 직판장앞",37.5465546727469,126.944436221506
876,신촌로 194 마을버스 정류장 (14-994),37.5566345911097,126.947188740091
877,서강로68 마포노인종합복지관앞,37.5489226010463,126.932214619028
878,양화로27 합정역 8번출구 앞 교통섬 횡단보도 옆,37.54915074891,126.912262500924
879,양화로19 홀트아동복지 앞 택시정류장,37.549138007207,126.911247663044
880,독막로37 현대자동차 앞 버스정류장(14-121),37.5482744750442,126.917694874453
881,독막로5 합정역6 번출구앞,37.5490198943184,126.914307860165
882,독막로10 우리은행앞 버스정류장옆,37.5484914168057,126.914498578681
883,독막로36 서울화력발전소입구 버스정류장(14-122),37.547949900166,126.917386412253
884,독막로 27 NH농협은행앞,37.5485049826464,126.916585172606
885,양화로36 할리스커피 공원분수앞,37.5485091311027,126.913337734086
886,양화로27 황소곱창 앞 버스정류장(14-218),37.54915074891,126.912262500924
887,양화로48 합정역5번출구앞,37.5494306994289,126.914362953504
888,양화로99 지산한의원앞,37.5530605912019,126.918233844538
889,어울마당로112 크레이지떡앞 공터,37.5547030611309,126.923123579091
890,어울마당로132 나루수산 앞 공터,37.5558676841302,126.924651249847
891,양화로 57 합정로터리 한전분전함 옆,37.550484756312,126.914707469125
892,양화로59 합정역 4번출구앞,37.5506586876484,126.914885960173
893,양화로100 블랙야크 앞(서교동사거리)1,37.5527040168222,126.918683968423
894,양화로100 블랙야크 앞(서교동사거리)2,37.5527040168222,126.918683968423
895,양화로133 서교타워 앞,37.55523107395,126.920982708821
896,양화로119 경남예식장앞,37.5543606130961,126.919769635208
897,어울마당로 76-1 관광경찰부스 뒤편 음식물거치대 앞,37.5518321491599,126.921657269616
898,어울마당로65 상상마당빌딩 앞 주차부스옆,37.5509576951977,126.921063042067
899,어울마당로47앞 중앙공원,37.5494642492429,126.92059815387
900,어울마당로55 치르치르 앞 공원내,37.550057575986,126.920895488388
901,와우산로70삼거리포차 앞,37.5506993287517,126.923311020664
902,와우산로71 쏠로포차 앞,37.5508807613207,126.922852397572
903,와우산로157 산울림소극장앞 버스정류장(14-235),37.5550832990905,126.930109457636
904,와우산로121 삼진제약 버스정류장(14-283),37.5535088460276,126.926757009867
905,와우산로 97 하나은행앞 버스정류장(14-233),37.5530939528403,126.924353463531
906,양화로105 티월드 신촌지점 앞,37.5534135689843,126.91857704379
907,양화로134 밤과음악사이 앞(홍대입구역 교차로)1,37.5547107503665,126.921391357224
908,양화로134 밤과음악사이 앞(홍대입구역 교차로)2,37.5547107503665,126.921391357224
909,양화로18길3 세븐스프링스 앞(홍대입구역 8번출구)1,37.5570312704359,126.924570289339
910,양화로18길3 세븐스프링스 앞(홍대입구역 8번출구)2,37.5570312704359,126.924570289339
911,어울마당로 122 아리따움 앞,37.5553456849343,126.923868843371
912,와우산로29길72 광장내(청운부동산),37.5563862131224,126.926517658489
913,홍익로18 국민은행 앞,37.5542200524931,126.923010111576
914,와우산로35길 69 공원중앙,37.5564366933017,126.926992603686
915,양화로 165 합정역2번출구앞,37.5572083355752,126.923619092959
916,양화로133 서교타워,37.55523107395,126.920982708821
917,어울마당로134 치즈오타쿠 김철수 앞(창업부동산),37.5559065774138,126.924887291709
918,"양화로151 외환은행 앞,홍대입구역 1번출구 앞",37.5562674192411,126.922368229397
919,양화로156 홍대입구역 9번출구 앞,37.5561130617043,126.923446601456
920,양화로162 한화생명 앞 홍대입구역 버스정류장(인천23011),37.5564298566954,126.923871361997
921,양화로183 카페 꼼마 앞,37.5583675467575,126.925148412411
922,양화로140 맥도날드 앞 횡단보드,37.5551251918993,126.922044721415
923,양화로188 홍대입구역4번출구 택시정류장,37.5577458058734,126.926498328277
924,연희로1-1 동교재활용센터앞(동교동 삼거리),37.5590125673642,126.926144984931
925,어울마당로139 착한갈비 앞 한전분전함 옆,37.5564653255094,126.925376099026
926,어울마당로144 새마을식당 앞 공원 벤치 옆,37.5562013624141,126.92585135552
927,어울마당로127 홍대걷고싶은거리 홍대 스마트 부동산 맞은편,37.5558935670542,126.923986326488
928,독막로87 상수역 2번출구 앞,37.5479140756509,126.923315911128
929,독막로74 한빛부동산 앞 환풍구 옆,37.5476338034554,126.921575887259
930,독막로101 BR엘리텔오피스텔 앞 횡단보도,37.5482438507493,126.924449008306
931,서강로133 하나은행 앞 버스정류장,37.5544113917507,126.935266304232
932,"서강로137 롯데리아 신촌전철역,그랜드마트(14-990)",37.5546682650878,126.935593828622
933,서강로129 노고산치안센터 신촌로터리 버스정류장(14-204),35.1827562802167,126.874315417306
934,서강로119 소공원앞,37.5539430749286,126.934003607056
935,신촌로82 신촌한의원 앞 버스정류장(14-228)1,37.5556112690596,126.934809289944
936,신촌로82 신촌한의원 앞 버스정류장(14-228)2,37.5556112690596,126.934809289944
937,신촌로94 신촌역7번출구앞,37.5549944655605,126.935997574268
938,신촌로66 신촌하나로클럽 앞 버스정류장(14-991),37.5560664973453,126.933116598433
939,서강로97 삼성프라자 앞 횡단보도,37.551934624933,126.932348598179
940,서강로51 광흥창역1번출구 옆 횡단보도,37.5477531220442,126.931154108104
941,"서강로111-1 기업은행,신촌연세병원 버스정류장(14-992)",37.553194122813,126.933286204281
942,연희로43 미니스톱앞 버스정류장(14-226),37.5626134298244,126.927500772401
943,와우산로56 극동방송(14-230)버스정류장,37.549444564404,126.923397179436
944,"와우산로88-1 홍익대학교(14-232)버스정류장,바이크리페어샵",37.5521713348135,126.923938615422
945,"와우산로122 삼진제약(14-982)버스정류장,디자인스타",37.553164641932,126.927010960428
946,"와우산로156 산울림소극장(14-558)버스정류장,제주십육돈가",37.554856243109,126.930406747349
947,와우산로 48,37.5485560282385,126.923441090646
948,양화로165 홍대입구역 2번출구 앞,37.5572083355752,126.923619092959
949,양화로59 합정역1번출구 버스정류장(14-895),37.5506586876484,126.914885960173
950,양화로 140 신촌설롱탕 앞,37.5551251918993,126.922044721415
951,양화로 140 아리다움 앞,37.5551251918993,126.922044721415
952,어울마당로 65 공영주차장 앞,37.5509576951977,126.921063042067
953,와우산로 56 극동방송(14-230)버스정류장,37.549444564404,126.923397179436
954,와우산로 56 극동방송(14-231)버스정류장,37.549444564404,126.923397179436
955,잔다리로 17 티켓라운지 앞,37.5506535018717,126.921038579505
956,잔다리로 39 서교동교회 버스정류장(14-876),37.5517387910022,126.918965333551
957,잔다리로 39 서교동교회 버스정류장(14-984),37.5517387910022,126.918965333551
958,홍익로 7 지오다노앞 분전함 옆,37.5532482841278,126.923499439833
959,홍익로 10 서교푸르지오 버스정류장(14-906),37.5537619785992,126.923693794834
960,홍익로 10 서교푸르지오 분전함 옆,37.5537619785992,126.923693794834
961,홍익로 11 프리스비 앞,37.5535039390341,126.923286191828
962,홍익로 23 건물 입구 앞,37.554292619718,126.922241488683
963,홍익로 29 포에버21 앞,37.5546382127856,126.921787422622
964,와우산로 121 건물 앞,37.5535088460276,126.926757009867
965,월드컵북로15 (아도디아 산업앞),37.5562088599951,126.919947827483
966,월드컵로54 (티스테이션앞 횡단보도),37.5541166995585,126.912034184628
967,월드컵로58 (스크린골프장 앞 횡단보도)(구)청해수산,37.5545826012818,126.911787148349
968,월드컵로80 (망원역 1번출구 앞),37.5562034768287,126.91044570472
969,월드컵로92 (세진정형외과 앞 횡단보도),37.5570176073839,126.909604287688
970,월드컵로59 (기업은행앞),37.5543778664217,126.911268497398
971,월드컵로167 (마포구청역 5번출구),37.5623911298289,126.90409502453
972,월드컵로240 (월드컵터널 가기전 14-106 버스정류장),37.5682884450841,126.897273034482
973,월드컵로196 (마포구청 1번출구 앞),37.5647995635391,126.902750212857
974,월드컵로204( 마포구청앞 사거리 이안빌딩앞),37.5653992058145,126.9021317644
975,월드컵로213 (마포종합복지관 앞 횡단보도) 평강교회,37.5654439574246,126.900802873602
976,월드컵로212 마포구청 마을버스정류장(14-563),37.5663128370109,126.901615668932
977,월드컵북로137 (제일 성모병원 옆 횡단보도),37.5648258493667,126.91166211022
978,월드컵북로122 (외환은행 앞 횡단보도),37.5641479714854,126.913284533442
979,월드컵북로69 (경성고교 사거리 세븐일레븐 앞 횡단보도),37.5599308118771,126.916342567679
980,월드컵북로152 중동초교 육교 건너편,37.5664106053943,126.911775239767
981,월드컵로164 (가마솥순대 앞 횡단보도),37.5622992935812,126.90495579097
982,월드컵로106(망원우체국 사거리 T월드 앞 횡단보도),37.5579711623522,126.908706206945
983,성산로124 (구 마포구청 앞14-196 버스정류장 앞),37.5638369789713,126.907508672099
984,성산로 성산2교 버스정류장(14-198),37.5577899342128,126.89490235978
985,성산로 성산2교 버스정류장(14-199)자전거보관소 앞,37.5577899342128,126.89490235978
986,월드컵북로136,37.5650251234037,126.9124736579
987,월드컵로240 (월드컵경기장 남측 횡단보도 옆),37.5682884450841,126.897273034482
988,월드컵로235( 농수산물시장 앞 횡단보도),37.5651993471439,126.898482842617
989,월드컵로240 (월드컵경기장 건너 14-103 버스정류장 앞),37.5682884450841,126.897273034482
990,월드컵로240 (월드컵경기장 남쪽 14-104 버스정류장),37.5682884450841,126.897273034482
991,월드컵로240 (야외 경기장 앞 사거리 횡단보도 옆),37.5682884450841,126.897273034482
992,성암로 330 첨단산업센터 (14-111버스정류장),37.5847261816729,126.885894950082
993,월드컵북로366 cj센터 건물 앞 (14-286 버스정류장),37.5776946420349,126.89211485663
994,월드컵북로361 이안건물 앞 (14-287 버스정류장),37.577109695587,126.891403860718
995,월드컵북로396( 디지털미디어시티 사거리 누리꿈스퀘어 누리꿈몰 간판 앞),37.5794419093126,126.890322604776
996,월드컵북로416 LGU플러스,37.5805267876515,126.88772655104
997,매봉산로45 (KBS미디어센터 마을15번 버스정류장 14-951),37.5765125877795,126.890992094988
998,가양대로124 월드컵파크7단지 (14-271)버스정류장,37.5807915025274,126.878450383425
999,가양대로131 월드컵파크7단지(14-272 버스정류장),37.5819911563673,126.878695125201
1000,매봉산로45 (KBS미디어센터 주차장 출입구 우측),37.5765125877795,126.890992094988
1001,상암산로34(디지털큐브 둿편 CCTV함 옆),37.5762102049855,126.889239900296
1002,월드컵북로 54길12 (국악방송 앞),37.580854283154,126.88933208115
1003,월드컵북로 445 공원 거리,37.5813414106022,126.883394497343
1004,월드컵북로 396 공원 거리,37.5794419093126,126.890322604776
1005,신정3동 신정로7길 81-4 앞 버스정류장,37.51357077726,126.833371811835
1006,목동서로 77앞,37.5359631978743,126.877988123429
1007,양천구 중앙로 288 신정네거리,37.521932097607,126.852346956783
1008,양천구 등촌로 102 대일고등학교 건너 버스정류장,37.5390272154951,126.863957926502
1009,월정로 134 황외과 앞 버스정류장,37.5309896679975,126.837972561322
1010,가로공원로 192 사거리 횡단보도,37.5368877214468,126.837264410462
1011,가로공원로 237 화곡터널입구교차로 횡단보도,37.5386678807038,126.841948258402
1012,가로공원로 215 가로공원공영주차장 횡단보도,37.5377949066241,126.839745213917
1013,허준로 50 동양고등학교 버스정류장,37.569019679203,126.847081099289
1014,허준로 47 가양2단지성지아파트 버스정류장,37.5710135675057,126.84658518265
1015,허준로 76 한보구암마을아파트 버스정류장,37.5684141695291,126.848657302795
1016,허준로 139 강변아파트 버스정류장,37.564612123403,126.856278639847
1017,허준로 175 도시개발6단지아파트 버스정류장,37.5637580924465,126.85928943925
1018,허준로 234 도시개발9단지아파트 버스정류장,37.5585733948713,126.863739841603
1019,양천로 628 태영송화아파트 버스정류장,37.5539157220433,126.867326788081
1020,마곡중앙5로 6 마곡나루역 버스정류장,37.567290908492,126.826956189701
1021,마곡중앙5로 6 마곡나루역 2번출구,37.567290908492,126.826956189701
1022,마곡중앙로 33 마곡엠밸리14단지 버스정류장,37.5580501033167,126.824080226482
1023,마곡동로 55 사거리,37.5600682769751,126.833037883356
1024,마곡동로 62 마곡사이언스타워 앞,37.5605537644679,126.833890184435
1025,마곡중앙10로 70 LG사이언스파크 E-14동,37.563047307466,126.834429972258
1026,마곡중앙10로 30 LG사이언스파크 ISC통합지원센터,37.5634030851051,126.831230342853
1027,마곡중앙10로 30 LG사이언스파크 ISC통합지원센터 후면,37.5634030851051,126.831230342853
1028,양천로 108 하나은행 앞,37.5731049384885,126.81570707884
1029,금낭화로 135 방화역 3번출구 택시정류장,37.5774450106613,126.812438073591
1030,양천로 87 동부센트레빌아파트 버스정류장,37.5736086090089,126.813650452864
1031,송정로3길 3 공항동주민센터 버스정류장,37.5582924756606,126.810741120905
1032,양천로 112 신방화사거리 버스정류장,37.573162084683,126.816357951274
1033,개화동로21길 4 방화동도시개발11단지 버스정류장,37.5707203119115,126.805725644771
1034,등촌로 213 칼텍스주유소 앞,37.5487350773536,126.862988809415
1035,등촌로 41 강서농협 앞,37.5337012657472,126.863368975534
1036,강서로 134 건널목,37.5390441986908,126.842533233628
1037,월정로 176 월정초등학교 앞,37.5349941902013,126.836293577736
1038,경인로 662(현대백화점 앞),37.5081230677129,126.888212953215
1039,신도림로11길 38(세븐일레븐 앞),37.5092589754242,126.87872617128
1040,경인로 619(새마을식당 앞),37.5067542802898,126.88457861109
1041,신도림로 16(대림1∙2차아파트 503동 앞),37.5051228166042,126.88219103785
1042,신도림로 2 (파리바게트 앞),37.5055946236444,126.87727539689
1043,경인로67길 23 (푸르지오2차아파트 상가 앞),37.5107095498229,126.889232363437
1044,신도림로 78 (신도림중학교 앞),37.5093892062559,126.884700212286
1045,신도림로 87 (동아1차아파트 102동 앞),37.5109603819235,126.882239095216
1046,신도림로 67 (도야미리식당 앞),37.5099241052533,126.882026503252
1047,신도림로 32 (대림5차아파트 702동 앞),37.5073746218254,126.880768538069
1048,신도림로 11 (대림3차아파트 603동 앞),37.507275213775,126.878180956047
1049,경인로 624 (라마다호텔 앞),37.5062376254144,126.885392135733
1050,신도림로19길7,37.5112029731186,126.884470304555
1051,구로중앙로 135-6,37.4999507296842,126.88286910619
1052,구로동로 141,37.4913197035995,126.883399005517
1053,가마산로 245(정문),37.4955112265472,126.888289087243
1054,가마산로 245(후문),37.4955112265472,126.888289087243
1055,가마산로 235,37.4945320625106,126.887014988407
1056,가마산로 250,37.4948140331034,126.888676526029
1057,구로동로 135,37.4906411011165,126.88370977403
1058,가마산로 206,37.4930424708684,126.883991010217
1059,구로동로 159,37.492736343813,126.883203551958
1060,경인로 565,37.503639878923,126.879713872189
1061,경인로 557,37.5031086474128,126.879009129455
1062,경인로 518,37.500239209713,126.876910174015
1063,구로동로 179,37.4944529165006,126.882542067811
1064,구로동로 203,37.4967185863828,126.882269943432
1065,구로동로 174,37.4940486388709,126.883364570633
1066,가마산로 180-2,37.4916815142973,126.88227479677
1067,가마산로 222,37.4934958067022,126.88578839021
1068,가마산로 9길 4-4,37.4915404115627,126.881638508904
1069,벚꽃로 484,37.4973316468315,126.880135396243
1070,구로동로 125-1,37.4898228680199,126.884047438304
1071,구로동로 107,37.4881355640216,126.884520085295
1072,가마산로203,37.4934025437937,126.883747219047
1073,가마산로250,37.4948140331034,126.888676526029
1074,가마산로242,37.4943622177582,126.887671114433
1075,구로동로238-1,37.4998344293433,126.882616420159
1076,구로동로153,37.4923558955247,126.883433466627
1077,가마산로218,37.49321550669,126.885141098619
1078,구로동로173,37.493924023291,126.882902717916
1079,구로동로216,37.497847886049,126.882701404228
1080,구로동로 153,37.4923558955247,126.883433466627
1081,구로동로 219,37.4981337339037,126.882207107301
1082,가마산로 205,37.4934613735583,126.884107965189
1083,디지털로 273,37.4839543151881,126.894103271526
1084,도림천로 376,37.4913557313496,126.895112208239
1085,도림천로 448,37.485607029798,126.899038499789
1086,디지털로32나길 51,37.484901329527,126.900382117847
1087,디지털로32나길 38,37.4845445851058,126.901198477768
1088,시흥대로 571,37.48397178331,126.901809898362
1089,시흥대로 563,37.4833916634154,126.901424316011
1090,시흥대로 557,37.4829872437692,126.901044613333
1091,디지털로32길 79,37.4835332463617,126.899752015371
1092,디지털로 292,37.4846936504866,126.895892183712
1093,디지털로26길 5,37.4816105919768,126.893479312123
1094,디지털로 319,37.4900377520776,126.895432921379
1095,디지털로32길 55,37.4839866874644,126.898338656919
1096,디지털로31길 109,37.4873470419847,126.890329956186
1097,디지털로27길 124,37.4849692381334,126.887409182642
1098,디지털로27길 120-1,37.4849565361385,126.887506100024
1099,도림로 6,37.485160600503,126.886737050213
1100,디지털로32길55,37.4839866874644,126.898338656919
1101,도림로6,37.485160600503,126.886737050213
1102,가마산로268,37.4956164739157,126.890318882617
1103,가마산로282,37.4964194043496,126.891635478156
1104,가마산로286,37.4966237192901,126.892189975376
1105,구로동로84,37.4862840867394,126.885634967719
1106,구로동로96-1,37.4873131370328,126.885180212698
1107,구로동로108,37.4882525675621,126.884851092632
1108,구로동로124,37.4896324233985,126.884536325131
1109,구로동로126-2,37.4899312300876,126.884569787511
1110,구로중앙로12,37.4914431623831,126.892443589685
1111,구로중앙로17,37.4915868638553,126.891546570869
1112,구로중앙로48,37.4948597203552,126.891099914602
1113,구로중앙로60,37.4951317858045,126.889409618774
1114,도림로5,37.4852285667291,126.886299490247
1115,도림로11,37.4858193904549,126.886802878956
1116,도림로17,37.4862041905281,126.887158351904
1117,도림로39,37.4877661503307,126.888553674606
1118,도림로63,37.4892521149095,126.890700200107
1119,도림로65,37.4893828291582,126.890871429168
1120,도림로83,37.4903735703237,126.892436416563
1121,도림천로344,37.4940692999608,126.8939084019
1122,도림천로352,37.4934336689421,126.894242433702
1123,도림로 83,37.4903735703237,126.892436416563
1124,구로중앙로28길66,37.5001031095616,126.889337826242
1125,새말로94,37.5054702180553,126.890498431184
1126,구로중앙로 68(버스),37.495860314768,126.888807280468
1127,구로중앙로152(횡단보도),37.5011601442131,126.882773011925
1128,구로중앙로152(버스),37.5011601442131,126.882773011925
1129,가마산로283,37.4969048165442,126.891384859124
1130,새말로81(버스),37.5051425697838,126.888908535177
1131,공원로27,37.4993971935977,126.891009074388
1132,공원로51,37.5013199754347,126.88939958782
1133,공원로6길,37.5015057028126,126.891374123545
1134,공원로54,37.5025922937777,126.890181448859
1135,새말로117-6(횡단보도),37.5074418024651,126.892268632521
1136,경인로572,37.5033062723055,126.881083869229
1137,구로중앙로 68,37.495860314768,126.888807280468
1138,구로중앙로28길 65,37.5004702491916,126.888932308145
1139,남부순환로105길198,37.4841371501963,126.884048198122
1140,남부순환로105길224,37.4849557272676,126.882872168167
1141,구로동로14,37.4829962253712,126.887235763615
1142,구로동로2,37.48215177966,126.887403008669
1143,남부순환로105길134,37.482176446822,126.886721768915
1144,남부순환로105길42,37.4795609348211,126.890378984834
1145,디지털로27길83,37.4841950785647,126.889398153129
1146,디지털로27길 135,37.4848499592617,126.886576625219
1147,남부순환로1295,37.4791183524676,126.894832311293
1148,남부순환로105길52,37.4796703697729,126.889854118512
1149,남부순환로105길58,37.4797912448526,126.889521434265
1150,디지털로219,37.4800368070682,126.89023820898
1151,디지털로228,37.4802882455174,126.891274373938
1152,디지털로27길45,37.4836263145316,126.891386333
1153,구로동로34,37.4846965004551,126.886558766573
1154,구로동로31,37.4844403376441,126.885990657506
1155,구로동로27,37.4840563909613,126.886242924791
1156,구로동로13,37.4828963306874,126.886887111982
1157,구로동로5,37.482434059701,126.886925119674
1158,디지털로230-1,37.480455477117,126.891475152503
1159,디지털로229-3,37.480671571459,126.891118699616
1160,디지털로221,37.480117293325,126.890460592537
1161,경인로 445,37.4999957879198,126.868169656727
1162,경인로 403,37.4979584319431,126.864347749519
1163,경인로 47길 23,37.5003848556388,126.866417206715
1164,중앙로 61,37.5031365752432,126.861992806444
1165,경인로 331,37.4976918198582,126.856935214844
1166,중앙로 26,37.5004168583269,126.8640626124
1167,중앙로 37,37.5011608231772,126.863052602466
1168,중앙로 76,37.504447905752,126.861768497833
1169,중앙로 6길 5-15,37.5014107102331,126.864413656632
1170,경인로 433,37.499692018147,126.867007861227
1171,경인로43길 9,37.4969250672664,126.862244543312
1172,경서로 47,37.501493712458,126.858514525802
1173,중앙로109,37.507095367799,126.859511564393
1174,고척로142-1,37.5026470093918,126.849837285068
1175,고척로212,37.5053092570087,126.856917965748
1176,경인로33길75,37.5012039381065,126.850744453383
1177,고척로229,37.5062876225124,126.858459221457
1178,고척로 238,37.5061782872723,126.859403690188
1179,고척로189,37.5046608813241,126.854327369333
1180,고척로238,37.5061782872723,126.859403690188
1181,고척로153,37.503320684503,126.85075663841
1182,고척로196,37.5046322838944,126.855104284847
1183,고척로222,37.5056284450793,126.857632362255
1184,경인로33길 51,37.5002412611033,126.851138791482
1185,고척로34,37.7157901520598,126.580920727942
1186,개봉로 125,37.4968947644642,126.856172055652
1187,개봉로23가길 30,37.4950647458627,126.858046508329
1188,고척로126,37.5019654621258,126.847914494502
1189,경인로313,37.4974995429775,126.855158778237
1190,경인로 383,37.4823829734332,126.798314371422
1191,경인로281,37.4984971490978,126.851826997089
1192,경인로31길 68,37.5002488323587,126.849152239347
1193,고척로 101,37.5012789533329,126.845252696525
1194,고척로 102,37.501039244633,126.845496450144
1195,고척로 85,37.5010740751998,126.843822855794
1196,개봉로 63,37.4913821799938,126.855689499758
1197,개봉로67,37.491743781606,126.855638371689
1198,개봉로 20길 30,37.4933821784716,126.856457193532
1199,남부순환로 95길 16 (삼호아파트 102동 앞),37.4945679422391,126.857307896676
1200,개봉로20길 54,37.4934362521241,126.857360822461
1201,개봉로 20길 74,37.4932889494046,126.858419299721
1202,개봉로19길39,37.4935498831581,126.855813787742
1203,개봉로 60,37.491112511747,126.856283329009
1204,개봉로9,37.4865393176791,126.856174385024
1205,개봉로33,37.488565791641,126.856041597467
1206,개봉로38,37.4889883644993,126.856412231097
1207,개봉로12,37.4867933921764,126.856611251215
1208,개봉로10,37.486621872749,126.856712210767
1209,개봉로22,37.4875065649416,126.85655798866
1210,개봉로 34,37.4886042149898,126.856445078937
1211,경인로 213-1,37.4966146331193,126.844638434873
1212,경인로 211,37.4965157504504,126.844195801765
1213,경인로 203,37.496074182903,126.843389754612
1214,경인로 193,37.49576046373,126.842584579433
1215,고척로 6-1,37.4954221332495,126.840901037242
1216,경인로 161,37.4943918613082,126.839456803066
1217,경인로 176-4,37.4944643922087,126.840721460572
1218,경인로 196,37.4953816910692,126.842930728543
1219,경인로20길 1,37.4957606665698,126.843755441608
1220,경인로 201,37.496022912441,126.843251447456
1221,경인로 220,37.4964177960572,126.845418896842
1222,경인로 228,37.496825912829,126.846217564647
1223,경인로 240,37.4974753918896,126.847564779889
1224,오류로66(새마을금고 정류장),37.4904875551597,126.840873623835
1225,오류로86(소공원),37.4924615261049,126.84097459881
1226,천왕로 10,37.480726327426,126.842162072714
1227,연동로 178,37.4770158900187,126.824110268485
1228,오리로15길 32,37.4938915011652,126.83147678043
1229,"오리로1265, 우신빌라 4동앞 도로",37.494671458208,126.830062414345
1230,오리로 1291,37.4967267530589,126.829257457778
1231,오리로 1314,37.4986703854741,126.829370756515
1232,오리로 1307,37.4980984572435,126.828955333646
1233,부일로 973-9 건너편,37.4935771095414,126.835223594815
1234,부일로 957 건너편,37.4934002586082,126.833692207809
1235,부일로 949,37.4934150228683,126.832726249414
1236,부일로9길 133앞,37.4969022888416,126.82218620402
1237,경인로 21,37.4897290228613,126.824781522274
1238,오리로1286,37.4962778563046,126.829996238999
1239,오리로1293,37.4968815631544,126.82920712184
1240,부일로878-1,37.4928092678645,126.824642929452
1241,금하로 613(시흥동 122-4),37.4545634188182,126.899436824785
1242,금하로 668(시흥동 893),37.4526679373675,126.904406176764
1243,금하로 716(시흥동 912),37.4506979258543,126.909275349389
1244,금하로 737,37.4504389497136,126.911741308926
1245,금하로 793(벽산5단지),37.4522124971915,126.918245422519
1246,시흥대로73길 70(금천구청),37.4570656519531,126.896036850324
1247,시흥대로 265(시흥동 108-76),37.4573981615873,126.899093048738
1248,시흥대로 235(시흥동 999-47),37.4548063564892,126.900103326331
1249,시흥대로 231(시흥동 994-3),37.4542879783992,126.90028654423
1250,시흥대로 215,37.4529344020191,126.900840098308
1251,시흥대로 73(시흥동 983-13),37.4403829395623,126.902490978743
1252,시흥대로 10(시흥동 967-1),37.434986719453,126.903430726079
1253,시흥대로 46(시흥동 967),37.4377767300175,126.903781835304
1254,시흥대로 98-1(시흥동 940-8),37.4428624384403,126.90402788636
1255,시흥대로 154(시흥동 936-4),37.4478764022993,126.903696009752
1256,시흥대로 218,37.4533723210777,126.901518653391
1257,시흥대로 228(시흥동 883-7),37.454225418124,126.901216447928
1258,시흥대로 378(독산4동 1030-1),37.467487974055,126.898375019763
1259,시흥대로 406(독산동 286-8),37.4696555940555,126.898443529102
1260,시흥대로 446(독산동 983-16),37.4733085048013,126.898800005576
1261,시흥대로 429(독산동 152-3),37.4719455218764,126.897724276391
1262,시흥대로 391(독산동 291-7),37.4686638539154,126.896885338466
1263,시흥대로 385(독산동 292-33),37.467890531569,126.897212863594
1264,시흥대로 345(독산동 1009-35),37.4644222393605,126.897177371018
1265,시흥대로151길 54(독산1동 147-54),37.4768192053791,126.896519368913
1266,벚꽃로 122(독산동 1003-2),37.4662373296233,126.889784528458
1267,벚꽃로 286(가산역),37.4803938924495,126.884121140151
1268,벚꽃로 298,37.4814401689835,126.883871693415
1269,벚꽃로 307(가산역),37.4805598119964,126.88325043302
1270,가산디지털1로 1,37.4662798253977,126.887172931767
1271,가산디지털1로 2,37.466834192886,126.887999661463
1272,가산디지털1로 168,37.479966429878,126.88263620024
1273,가산디지털1로 186,37.4819130872905,126.881581110867
1274,가산디지털1로 171,37.4807624025755,126.880678781517
1275,가산디지털2로 123,37.4787267314014,126.878710182672
1276,가산디지털2로 98,37.4772339836706,126.881057813165
1277,가산로 99(가산동 주민센터),37.4761567725398,126.891289403751
1278,가산로 99(두산위브아파트),37.4761567725398,126.891289403751
1279,남부순환로 1282,37.4785540705765,126.893147418574
1280,남부순환로 1307,37.4787980878027,126.896001775841
1281,남부순환로 1394,37.4799469577448,126.905655339008
1282,남부순환로 1426,37.4805382475346,126.909165681531
1283,독산로 359(독산동 959-23),37.4789411645269,126.903649374668
1284,독산로 356-1(독산동 960-6),37.4785821257536,126.903997826002
1285,독산로 232,37.4675535252932,126.90216823719
1286,독산로 211,37.46550618168,126.901979080208
1287,독산로 139(시흥동 856-22),37.4597057603662,126.90475879797
1288,독산로 110(시흥동 814-6),37.4570964420886,126.905673653245
1289,문성로 67,37.4780455835119,126.910791624653
1290,문성로 48,37.4767170591694,126.909154252889
1291,문성로 36,37.4765727694617,126.907594617752
1292,범안로 1242(독산동 1035),37.4663250004058,126.899806535197
1293,한내로 56(독산동 1095-1),37.4560904763034,126.887467860423
1294,시흥대로 46(석수역버스정류소 앞),37.4377767300175,126.903781835304
1295,시흥대로236(시흥사거리 버스정류장),37.4550181299782,126.901002133189
1296,시흥대로410(금천우체국 버스정류장),37.4701457235251,126.89852493639
1297,시흥대로73길 70(금천구 보건소),37.4570656519531,126.896036850324
1298,가산로 145,37.478039890883,126.890713253539
1299,가산로 146,37.4783498655857,126.891035805789
1300,두산로 39,37.4706185549703,126.892195456498
1301,두산로 36,37.4702435695168,126.891915983239
1302,독산로 42,37.4510078342873,126.906109176923
1303,독산로 81-1,37.4546331517937,126.905771458659
1304,시흥대로 265,37.4573981615873,126.899093048738
1305,시흥대로 440,37.4728957436528,126.89889529692
1306,시흥대로 228,37.454225418124,126.901216447928
1307,국회대로 675 안상규벌꿀 앞,37.5254008253398,126.909033596227
1308,영중로 122 서강 어린이 공원 앞,37.5271336588048,126.905961808226
1309,영중로 55 영등포시장 버스정류장(19-120),37.5213571324809,126.904586710033
1310,양평로 135 C & V 앞,37.5382141874197,126.892670629327
1311,양평로 136 가족호텔 신축현장 앞,37.5386759385728,126.893055462568
1312,양평로 116-1 양평로 프리마트 앞,37.5377161818741,126.894747355194
1313,당산로 231 당산역 1번 출구 앞,37.5345210598625,126.901868118133
1314,당산로 235 당산역 2번출구 버스정류장(19-645),37.5347086506982,126.902088272886
1315,양평로 36 당산역 7번 출구 뒤,37.5338214668231,126.902671201859
1316,당산로 223 올리브 영 앞,37.5337352481764,126.901161001392
1317,양평로 24-1 o&k 빌딩 앞 버스정류장(19-175),37.5333217902855,126.90357233147
1318,문래로 197 영등포 소방서 앞,37.5184389128995,126.904188745933
1319,영등포로 208 국민은행 앞,37.5196804001431,126.904294169383
1320,당산로 27길 12 당산공원 버스정류장 앞,37.5252179425759,126.895146835539
1321,영등포로 194 씨티은행 앞,37.5200181742472,126.902954625951
1322,영등포로 141 제비표 페인트 앞,37.5213805673082,126.897188625025
1323,문래로 110 문래 청소년 수련관 앞,37.5188522510214,126.894114718336
1324,경인로 705 버스중앙차로(19-002),37.5113737781923,126.89216231644
1325,경인로 829 한솔요리학원 앞 버스중앙차로 (19-005),37.5160771446902,126.905008447359
1326,경인로 720 버스중앙차로(19-001),37.5117270822655,126.893876061788
1327,선유서로 76 영등포기계상가 맞은편 버스정류장(19-203),37.5225223856935,126.885695628228
1328,영등포로 59-2 영등포기계상가 버스정류소(19-202),37.5226983081332,126.888287026456
1329,영등포로 96 교보생명 앞 버스정류소(19-166),37.521309158983,126.891985236747
1330,양산로 111 주차문화과 앞 사거리,37.5247230843762,126.895521978101
1331,신길로 252 영보빌딩 앞 횡단보도,37.5141172981479,126.911767157493
1332,도신로 228 대신시장 버스정류장(19-228),37.5117305528664,126.916496155038
1333,영등포로 398 횡단보도,37.5131372184474,126.922196772621
1334,신길로 190 우신초교 버스정류장(19-238),37.5098647213535,126.911863664868
1335,신길로 89 백악관웨딩홀 버스정류장(19-241),37.5007040107634,126.908762065809
1336,신길로 89 남서울ⓐ 버스정류장(19-249),37.5007040107634,126.908762065809
1337,도신로 100 우성ⓐ 5차 입구,37.5067383966412,126.903206501158
1338,대림로 146 대동초교 맞은편 버스정류장(19-262),37.4941593303009,126.900774538698
1339,대림로 21길 6 대동초교 앞 버스정류장(19-266),37.4937050312491,126.900119388307
1340,대림로 191 대림3동주민센터 옆,37.4977995659931,126.898325249785
1341,신길로 39 썬프라자 앞 버스정류장(19-258),37.4959665730744,126.907785020768
1342,시흥대로 659 천지당약국 앞 택시승강장,37.490841691979,126.907497776724
1343,시흥대로 613 안국약품 앞 버스중앙차로(19-009),37.4873871864839,126.904611161249
1344,대림동 948-1 한림대학교 병원 앞  횡단보도,37.4933006647766,126.908700397605
1345,신길동 4780 경남아너스빌 버스중앙차로(19-011),37.4949598825053,126.910128525676
1346,여의대방로 89 보라매공원 버스중앙차로(19-012),37.4973037099433,126.916569895364
1347,"여의서로43 한서빌딩, 순복음교회 버스정류장(19-136)",37.5307295655332,126.924843194287
1348,여의나루로 42 여의도역 사거리 5번출구방향,37.521470230225,126.924971147893
1349,여의나루로 76 증권거래소 앞 버스정류소(19-157),37.5229120328431,126.928041364717
1350,여의나루로 76 증권거래소 맞은편 버스정류소(19-158),37.5229120328431,126.928041364717
1351,국제금융로  7길 46 여의도중학교 뒤 버스정류장(19-141),37.5239802029958,126.935753141866
1352,국제금융로  108-6 진주아파트 앞 버스정류장(19-149),37.5187534143393,126.93271135842
1353,국제금융로  109 삼익아파트 앞 버스정류장(19-145),37.5194178475167,126.933726795739
1354,국회대로  76길 15 순복음교회 맞은편 버스정류장(19-137),37.5309653743201,126.923188791373
1355,국제금융로 78 한양아파트 버스정류장(19-286),37.5208724804701,126.931298156696
1356,국제금융로 112 여의동주민센터 앞 버스정류장(19-148),37.5183968410658,126.933905858565
1357,국제금융로 112 여의동 주민센터 맞은편 버스정류장(19-147),37.5183968410658,126.933905858565
1358,여의동 14번지 B & B타워 신축현장 앞,37.5302996530226,126.919577176287
1359,의사당대로1 국회의사당역 1번출구 현대빌딩 앞,37.5329119742768,126.916403869603
1360,의사당대로1 국회의사당역 1번출구 LG에클라트,37.5329119742768,126.916403869603
1361,의사당대로1 국회도서관 입구,37.5329119742768,126.916403869603
1362,의사당대로1 의원회관 입구,37.5329119742768,126.916403869603
1363,여의나루로 42 미성아파트 A동 입구,37.521470230225,126.924971147893
1364,양평동3가 22-1 양평역 1번 출구앞,37.5257490158915,126.885935854611
1365,영등포로 178 청과시장사거리 김안과쪽,37.5203193444056,126.901281526934
1366,양평로 64 gs편의점 앞,37.5351397125293,126.899965832636
1367,당산로 222 당산역 10번출구 소공원,37.5332447828491,126.902291122854
1368,경인로 851 영등포역 버스중앙차로(19-006),37.5168454412615,126.907175548663
1369,경인로 841 우체국 앞 횡단보도,37.5165301859078,126.906043210324
1370,경인로 775 에이스하이테크시티 앞 버스중앙차로(19-004),37.5147464245043,126.897536835727
1371,경인로 789 gs주유소 앞 버스정류소(19-003),37.5146713027948,126.900727819773
1372,가마산로 496 신풍시장 버스정류장(19-878),37.5055463107693,126.911401534233
1373,신길로 156 사러가 사거리 횡단보도,37.5059281626977,126.911409565356
1374,영등포로 422 대방역 버스중앙차로 (19-015),37.5123919776199,126.924808537973
1375,"시흥대로659-1 강남성심병원, 대림성모병원 버스중앙차로(19-010)",37.4910558175498,126.907556877617
1376,대방천로 259 동작세무서 앞 버스중앙차로(19-013),37.4990805687754,126.919800092498
1377,의사당대로 108 여의도역 6번출구 버스정류장,37.5210144173791,126.923991634451
1378,영등포로96 앞,37.521309158983,126.891985236747
1379,대림로 195 앞 IBK기업은행 앞에 버스정류장,37.4980881511036,126.898212337258
1380,선유동 1로 20 앞,37.5237093397903,126.891986188378
1381,선유동 1로 21 앞,37.5240077119601,126.891647738331
1382,선유로9나길 12 문5가 두산아파트 버스정류장,37.5165701607515,126.886140198604
1383,영등포로 139  버스정류장,37.5213920101412,126.896981935698
1384,영등포로208 국민은행앞,37.5196804001431,126.904294169383
1385,노량진로24길2 한강쌍용아파트 파출소앞(9호선노들역4번출구),37.5123882888939,126.953050212118
1386,노량진로224 서울노량진우체국 앞,37.5124653315282,126.950635864714
1387,노량진로224 서울토량진우체국앞 중앙차로(20-014),37.5124653315282,126.950635864714
1388,매봉로182(본동) 노들역5번출구,37.5123982094376,126.952398588899
1389,노량진로24길2 한강쌍용아파트102동앞(ID20-157),37.5123882888939,126.953050212118
1390,매봉로156(본동) 극동아파트앞(ID:20-745),37.5116540045705,126.952014044645
1391,매봉로156(본동) 극동아파트앞(ID:20-726),37.5116540045705,126.952014044645
1392,노량진1동 매봉로 99 한신아파트정류장(ID:20-869),37.5092063004735,126.949130228239
1393,만양로112 신대방 우성2차 101동 도로,37.5133362743662,126.944421042599
1394,노량진로167 종로학원 앞,37.5140572201493,126.944532827012
1395,노량진로147 노량진역 앞 횡단보도,37.5138675330632,126.942223589737
1396,노량진로191(노량진로187) 사육신공원 앞,37.5134579901091,126.949411135441
1397,노량진로223 새중앙약국 앞,37.5129688777494,126.95079196306
1398,노량진로145 노량진역 앞 1호선 8번출구앞,37.5138570909067,126.942059021992
1399,노량진로157 할리스커피 앞,37.5139791754713,126.9433563073
1400,노량진로191 사육신묘 앞 중앙차로(20-013),37.5134579901091,126.949411135441
1401,노량진로150 노량진역 건너편,37.5134592930971,126.942603275083
1402,노량진로176 컵밥거리,37.5134539067673,126.945498100994
1403,노량진로162 서울G고시학원부근,37.5134071445935,126.943957579056
1404,노량진로16길 35 정진학원길,37.5120033326881,126.944047305147
1405,노량진로162 올리브영 앞,37.5134071445935,126.943957579056
1406,노량진로162 정진학원 길(올리브영),37.5134071445935,126.943957579056
1407,장승배기로128 기업은행 앞,37.508948938711,126.940744146813
1408,장승배기로108 청화산부인과앞,37.5071417203086,126.940241260736
1409,노량진로116 우리은행 앞 버스중앙차로(20-009),37.51315539545,126.938854495012
1410,노량진로124 9호선 노량진역 6번출구,37.5132730094169,126.939619133262
1411,노량진로116 우리은행 앞 버스중앙차로(20-010),37.51315539545,126.938854495012
1412,상도로53길 65 미성빌딩 앞,37.5029346174486,126.953817368431
1413,상도로47바길40 상도팰리스 정류장(ID20-241),37.5033763148067,126.954111255691
1414,상도로369 숭실대 형남공학관 앞,37.4964289688636,126.955157917408
1415,상도로369 상도동 511 숭실대 미래관 앞,37.4964289688636,126.955157917408
1416,상도로369 숭실대 한국기독교박물관 앞,37.4964289688636,126.955157917408
1417,양녕로 266 상도역 5번출구 위,37.5034019176324,126.948671835322
1418,흑석로 4 상도치킨 앞,37.5046812353057,126.951175372169
1419,상도로357 강남아파트 앞,37.4969397553084,126.953540835787
1420,상도로352 롯데리아 앞,37.4969894833049,126.952614412075
1421,상도로385-1 세븐스트디오 앞,37.4947477522142,126.955321307923
1422,상도로298-1 도로변,37.5010442428806,126.949057733107
1423,"상도로297 커피나무, 건강치과 앞",37.5013510868165,126.949597763441
1424,상도로 321 상도로321,37.4994694821854,126.951234405459
1425,상도로 292,37.5016463432097,126.948545356141
1426,상도로 179,37.504803193551,126.938547350594
1427,상도로 234,37.5049588053359,126.944574053634
1428,상도로 211,37.5054680463875,126.942301201961
1429,상도로 256 상도동 LG전자앞,33.4954208567855,126.852810809553
1430,만양로 12 (구)대림아파트 앞,37.5057364989239,126.947209799148
1431,양녕로 269-1  (올리브영 앞),37.5040397881991,126.948784268148
1432,양녕로257 상도역2번출구,37.5031672249601,126.947283423114
1433,양녕로257 상도역2번출구 옆,37.5031672249601,126.947283423114
1434,양녕로170 롯데캐슬아파트 앞,37.4970019422426,126.943642572569
1435,양녕로177 마을버스 정류장 옆,37.4971522497036,126.942932623108
1436,장승배기로14 신상도초등학교(ID:20-219),37.5003480188598,126.944615912566
1437,현충로151 한강현대아파트(ID20-130)버스정류장,37.5067786538055,126.968934187019
1438,장승배기로 73 상도 치안센타앞,37.504162062481,126.939116296001
1439,상도로 92,37.4996418327896,126.930970203004
1440,노량진로96 세븐일레븐 앞,37.5130997295998,126.936327224739
1441,상도로 78,37.4995449770673,126.929148090508
1442,상도로156 늑대와컴퓨터 앞,37.5032147747815,126.93660297555
1443,상도로156 도깨비시장 앞,37.5032147747815,126.93660297555
1444,상도로134 할머니보쌈 앞,37.5020250835451,126.934776064848
1445,상도로147 롯데슈퍼 앞,37.5031746989235,126.935803771373
1446,현충로 111(명수대 현대아파트),37.5076231830183,126.966050211003
1447,현충로122 조선일보뉴지엄 앞,37.3894111920064,126.919175949764
1448,서달로15길8-12 9호선 흑석역4번출구 옆,37.5089665343382,126.962898549092
1449,현충로 108,37.5073577215911,126.965342320749
1450,흑석한강로11 흑석동주민센터앞(ID:20-907),37.505776998109,126.966592674955
1451,흑석동 서달로158 예사랑 어린이집 앞,37.5070532482094,126.962321893008
1452,사당로301 7호선이수역 9번출구,37.4853017183316,126.980796622285
1453,동작대로75 사당동우체국 앞(ID20-019),37.4833790644455,126.981411054955
1454,사당로 256 더그라시스 안경 앞 ( ID20-252),37.483244234958,126.976176095437
1455,남부순환로2067 안경박사 앞,37.4769214100582,126.97856389888
1456,남부순환로2081 사당노인종합복지관,37.4770171436896,126.979851680787
1457,남부순환로2019 한국엔지니어링협회앞 (예술인마을),37.4762497374669,126.9729965292
1458,남부순환로2055 GS25편의점앞,37.4768743718646,126.977094087349
1459,남부순환로2061 C&U편의점 앞,37.4769040573805,126.977787556475
1460,동작대로67 더본병원 앞(ID22-027),37.4825469938281,126.981480681968
1461,사당로178 가온누리B/D 앞,37.4860903814067,126.968298264346
1462,동작대로45 미라지호텔 앞(ID20-020),37.4807394880433,126.981533135936
1463,동작대로67 더본병원 앞,37.4825469938281,126.981480681968
1464,동작대로27 기업은행앞,37.4789232785367,126.981245737597
1465,동작대로21 4호선 10번출구(한국전력공사 남부지사),37.4784816221514,126.981362070757
1466,동작대로171 경문고앞 중앙차로(ID20-017),37.4934188575707,126.982273400501
1467,동작대로154 노송가구 앞(ID22-031),37.490277512544,126.983003137147
1468,동작대로171 경문고앞 중앙차로(ID22-033),37.4934188575707,126.982273400501
1469,동작대로171 정금마을 중앙차로(ID20-016),37.4934188575707,126.982273400501
1470,동작대로163 경문고등학교 후문인도,37.4911249851608,126.982287172529
1471,동작대로123 신한은행 사당역지점(ID22-029),37.4877641634087,126.981872316455
1472,동작대로121 신한은행 사당역지점 앞 or 경원빌딩,37.4874798935188,126.981860173505
1473,동작대로107 7호선 이수역 12번출구,37.4860894523086,126.98182466694
1474,사당로193 낙원빌딩1층,37.4853449700555,126.969995835909
1475,사당로138 에덴동산 앞(총신대 앞) ID20-174,37.4889590965664,126.965702592777
1476,사당로215 남성역4번출구,37.4844593113614,126.972344800972
1477,사당로138 총신대 버스정류장(ID : 20-174),37.4889590965664,126.965702592777
1478,사당로 165 경남아너스빌 상가앞,37.487412281918,126.967748860871
1479,사당로23길 56,37.4860809191146,126.975487058968
1480,사당로 301 아디다스 앞,37.4853017183316,126.980796622285
1481,사당로23길 57-14 남성초등학교(ID:20-560),37.4845949762276,126.975487431394
1482,사당로285 이디아커피 앞,37.4846491148735,126.979182539226
1483,사당동169-30 삼일공원 정류장(ID:20-732),37.4859624297635,126.975024534632
1484,현충로210 현충원 앞 버스정류장(ID20-133),37.4998236507216,126.978408414947
1485,동작대로239 이수교회 앞,37.4981665152396,126.983394891506
1486,현충로213 동작주차공원 앞 버스정류장(ID20-134),37.5036432456951,126.97868926115
1487,사당로138 사당지구대,37.4889590965664,126.965702592777
1488,여의대방로54길 18,37.5116087174603,126.927226422645
1489,여의대방로44길 47 대방주공아파트(ID:20-940),37.5099263075163,126.930425296093
1490,여의대방로36길 79 숭의 여중고교(ID:20-598),37.507364139341,126.92924328346
1491,등용로 83 남부교회 정류장(ID:20-700),37.508576631171,126.932021633868
1492,등용로 40 삼성래미안정류장(ID:20-593),37.505696694381,126.93415150922
1493,대방동 466-80 카페베네앞,37.5103339911101,126.924662660838
1494,여의대방로44길 22 서울지방병무청앞(ID:20-106),37.508402835287,126.926469261524
1495,여의대방로 190 대방역 정류장(ID:20-108),37.5038283887284,126.922180874
1496,등용로127 현대아파트정류장(ID:20-934),37.5125587415186,126.930988395318
1497,등용로123 대방할인마트앞,37.5121047023008,126.931723562035
1498,신대방2길 2-5(신대방1동) 신대방역 정류장,37.4877338622763,126.912850776153
1499,대림로 12-1(신대방1동) 신대방역 정류장(ID:20-208),37.487457351762,126.911770028633
1500,여의대방로44길 9 성원쌍떼빌 아파트앞,37.5097308417301,126.925917819653
1501,여의대방로28 신대방현대아파트 좌측 버스중앙차로(ID20-003),37.4952734394062,126.911690497183
1502,여의대방로140 미니스톱 앞(보라매역2번출구),37.4994703598285,126.920623979833
1503,여의대방로140 미니스톱 앞,37.4994703598285,126.920623979833
1504,여의대방로 182옆 (강남중학교방향),37.5031126228774,126.921760793051
1505,보라매로 101,37.4983280150692,126.927852810074
1506,보라매로 104,37.4984338927176,126.928312294739
1507,여의대방로24길140,37.4989765400523,126.92782131309
1508,상도로 62(칸타빌레 앞),37.4995457952711,126.92737960531
1509,남부순환로 1937,37.4769217690137,126.964677712885
1510,남부순환로 1919,37.4776925796407,126.962617809097
1511,관악로237,37.4858643261563,126.955955032353
1512,남부순환로 1840,37.4803623180231,126.95429729739
1513,신림로 158,37.4729297769699,126.933875599327
1514,신림로 165,37.4737456475051,126.933245191887
1515,남부순환로 1447,37.4815639493144,126.91153195385
1516,신림로 78,37.4710511437185,126.94097066315
1517,난곡로 264,37.4775423516664,126.915674760958
1518,시흥대로 576,37.4840659932609,126.903076335442
1519,남부순환로 1383,37.4802505460195,126.904469638268
1520,남부순환로 1634,37.484161344228,126.932191311732
1521,신림로59길 14,37.4832898616637,126.928776084349
1522,남부순환로 1900,37.4780492995154,126.960167357278
1523,남부순환로 1599-3,37.4844850129696,126.928269204662
1524,남부순환로 1841-1,37.4807348236651,126.954840100438
1525,남부순환로 1605,37.4843766640864,126.929085758162
1526,남부순환로 1785,37.4820430751541,126.948631275056
1527,남부순환로 1417,37.4809199414285,126.908035289634
1528,남부순환로 1945,37.4767321939825,126.965276878143
1529,관악로 258,37.4869658742199,126.957864250373
1530,남부순환로 1474,37.4814595127091,126.914206776158
1531,난곡로57길 4-5,37.4799705329491,126.914493162086
1532,관악로 203,37.4832951698794,126.95377756286
1533,남부순환로 1587,37.4842774166635,126.926939295944
1534,남부순환로 1766,37.481700832272,126.946114635644
1535,관악로 172,37.4805127079803,126.952949414718
1536,남부순환로 1830,37.4807765220933,126.953172883235
1537,관악로 186,37.481562282745,126.953377373952
1538,남부순환로 1827,37.4813442521615,126.953411767053
1539,관악로 185,37.4817919334432,126.952656233845
1540,남부순환로 1814,37.4810358154572,126.951566124274
1541,관악로 173,37.4807083087218,126.952254874294
1542,신림로 312,37.4821884771875,126.93014846789
1543,신림로 328,37.4834547467373,126.929982893039
1544,남부순환로 1618,37.4840786068056,126.930443618495
1545,남부순환로 1619,37.4846406881735,126.930498613031
1546,남부순환로 1615,37.4845561108911,126.930086903853
1547,신림로 360,37.4863627577561,126.929539775251
1548,남부순환로 1607,37.4844322682471,126.929255983198
1549,남부순환로 1603,37.4844193709558,126.928784622747
1550,남부순환로 1598,37.4837662283625,126.928334904292
1551,남부순환로 1604,37.4839284146026,126.928939422977
1552,신림로 327,37.4834741441709,126.929571432545
1553,신림로 315,37.4824892851521,126.929627531813
1554,신림로 137,37.4711520940972,126.934055326017
1555,신림로 111,37.470596042652,126.936957347952
1556,신림로 105,37.4705186207521,126.937588996361
1557,신림로 97,37.4703171796668,126.938668968449
1558,봉천로 279,37.4878445485947,126.93230195852
1559,봉천로 212,37.4896370569469,126.925060666631
1560,은천로 114,37.4866260388212,126.947977648688
1561,쑥고개로 83,37.4794875196969,126.945755793903
1562,남부순환로 1682,37.4840329526789,126.937250544957
1563,남부순환로 1990,37.4749932365695,126.969840119261
1564,남부순환로 2056,37.4763222522103,126.977192725834
1565,난곡로 247,37.47611531101,126.915770311901
1566,난곡로 225,37.4742882695131,126.916824413391
1567,신림로 282,37.4797691760614,126.931374697807
1568,신림로 250,37.4781784095771,126.933841240986
1569,호암로 589,37.4701072980414,126.93296231172
1570,조원로12길 25,37.4825632837387,126.907794711951
1571,조원로 142,37.4854090495984,126.918095403337
1572,관악로 168,37.4802159296703,126.952984762396
1573,관악로 161,37.4796070667241,126.952183895644
1574,남부순환로 1817,37.4816411686596,126.952144384523
1575,봉천로 482,37.481736366578,126.953399991265
1576,관악로 195,37.4825638239353,126.953098728924
1577,관악로 196,37.4823710139958,126.953799840268
1578,신림로 371,37.4873187061657,126.928604236837
1579,은천로 69,37.4865852040387,126.942679132637
1580,관악로 145,37.4782106746327,126.951501244173
1581,관악로 306,37.4910410074547,126.95677066386
1582,남부순환로 2022,37.4757504683562,126.973306813403
1583,신림로40,37.4703273364656,126.946003990797
1584,난곡로 358-1,37.4860094799751,126.913911213449
1585,난곡로 349-1,37.4852193520551,126.913617805895
1586,강남대로 439 앞,37.5015434614787,127.025366637091
1587,강남대로 423 앞,37.5003097069231,127.025815300449
1588,강남대로 415 앞,37.4995604045649,127.026339775243
1589,강남대로 399 앞,37.4982667167977,127.026842105662
1590,강남대로 429 앞,37.5007943673082,127.025772945159
1591,강남대로 483 앞,37.5053254283579,127.023648945463
1592,강남대로 623 우일빌딩(바른치과의원) 앞 코너,37.5174081481835,127.018733121908
1593,강남대로 605(신사역 4번 출구 뒤) 횡단보도 옆,37.5157514042207,127.019161294387
1594,강남대로 577(셀리트룸 화장품) ‘신사역 마을버스정류장’ 옆,37.5132514597322,127.019822912022
1595,강남대로 567(대도식당) 앞,37.5123937523582,127.020068808876
1596,강남대로 505(고도일병원) 앞,37.50701445806,127.0227028296
1597,강남대로 477(신논현역 2번 출구 뒤) 횡단보도 옆,37.5048510330026,127.023728981549
1598,강남대로 365(강남역 5번 출구 앞 뒤) 횡단보도 옆,37.495323407006,127.028348895147
1599,강남대로 343(신한투자) 앞,37.4935195538047,127.029241204878
1600,강남대로 259(호텔페이토) 횡단보도옆,37.4865732483303,127.032633405198
1601,강남대로 221(양재역 10번 출구) 앞,37.4836850972087,127.034117823374
1602,강남대로 291(뱅뱅사거리 파스쿠치) 앞,37.4891206389394,127.031411287311
1603,강남대로 27(AT센터) 건너편,37.4682787075426,127.039136433366
1604,반포대로 38 앞(와라와라 앞),37.4838948518183,127.011920818206
1605,반포대로 72(한독모터스) 앞,37.486928673981,127.010587075276
1606,반포대로 144 버스정류장 앞,37.4930404486761,127.00744512973
1607,신반포로 17 횡단보도 앞,37.501449823532,126.987374882947
1608,효령로 336 버스정류장 앞,37.4860261857246,127.020988802524
1609,효령로 341 버스정류장 앞,37.4866397139995,127.021314501192
1610,효령로 22 버스정류장 앞,37.4773868015106,126.987482377959
1611,효령로 92 버스정류장 앞,37.4801618191803,126.994596763052
1612,효령로 388 버스정류장 앞,37.4874264680583,127.026267219719
1613,효령로 132 버스정류장 앞,37.4813573904781,126.998381976606
1614,효령로 197 버스정류장 앞,37.4842930566875,127.004901860862
1615,효령로 334 버스정류장 앞,37.4859010813782,127.020729954041
1616,효령로 83  버스정류장 앞,37.4803528581368,126.99332358058
1617,효령로 418  버스정류장 앞,37.4886105983277,127.029589137434
1618,서초중앙로 64,37.4874401271955,127.015170128436
1619,사임당로 89 버스정류장 앞,37.4901915356166,127.019467076129
1620,방배로 278 버스정류장 앞,37.4973445558695,126.988117641915
1621,잠원로 69 버스정류장 앞,37.5102605018374,127.006970780391
1622,사평대로 55 버스정류장 앞,37.4988531475655,126.990515657787
1623,사평대로 130 버스정류장 앞,37.4999171579351,126.998608433746
1624,서운로 104 버스정류장 앞,37.4934155954909,127.026491405544
1625,서운로 107 버스정류장 앞,37.4930071268712,127.025453308455
1626,서운로 200 버스정류장 앞,37.5011960350017,127.023621745089
1627,서운로 207 버스정류장 앞,37.5015195846305,127.021753455557
1628,남부순환로347길 101 버스정류장 앞,37.4887143289998,127.029849245333
1629,남부순환로 2183 버스정류장 앞,37.4751167643372,126.991091154027
1630,명달로 134 버스정류장 앞,37.489242567923,127.004824728988
1631,서초대로 144 버스정류장 앞,37.4887761995065,126.998105466928
1632,서초대로 46 버스정류장 앞,37.4857418516228,126.987427955132
1633,강남대로 148 상록빌딩 앞,37.4778879666261,127.039180335385
1634,강남대로 429 카카오프렌즈 앞 횡단보도,37.5007943673082,127.025772945159
1635,효령로 161 앞,37.482451124917,127.001636589338
1636,반포대로 94 수협 서초지점 앞 버스정류장,37.4887112237198,127.009583807511
1637,반포대로 95 명인제약 앞 버스정류장,37.4886846193271,127.008739943592
1638,방배로 14 임광1․2차 아파트 앞 버스정류장,37.4764930967122,127.002463337752
1639,방배로 104 인혜빌딩 앞 버스정류장,37.4835684273741,126.996569725506
1640,방배로 268 하나은행방배서래지점 앞 버스정류장,37.4966857699647,126.988420813084
1641,사평대로 367 빽다방 앞 버스정류장,37.5043786696656,127.023103975414
1642,사평대로 98 골프존마켓 앞 버스정류장,37.4986515253737,126.995455801462
1643,사평대로 142 신궁전아파트 앞 버스정류장,37.5003729803604,127.001060333564
1644,남부순환로 2620(SPC 본사) 앞 버스정류장,37.4845144059367,127.037328038827
1645,남부순환로 2383 앞 버스정류장,37.4799851071083,127.010957835039
1646,매헌로 24 앞 버스정류장,37.4634391650136,127.035525735628
1647,양재대로 54 서초참요양병원 앞 버스정류장,37.4597639429523,127.025360542615
1648,영동대로 일원동 613,37.51490245678,127.059349918578
1649,올림픽로211 YMCA 앞,37.5125811443764,127.094449969185
1650,백제고분로 잠실동 196 앞 버스정류소 주변,37.5039849019726,127.088313655428
1651,올림픽로37길 109 잠현초 건너편,37.5225858707847,127.104722782408
1652,마천로 방이동 208 앞 사거리 주변,37.5012970741488,127.141518012781
1653,동남로 오금동 129 앞 주변,37.4912229684702,127.125197245287
1654,중대로 가락동 101 앞,37.493398023453,127.119696726353
1655,강동대로9길 8 극동아파트 앞,37.5271172638056,127.116203376712
1656,백제고분로 284,37.502269337511,127.097975997481
1657,성내천로 63길 4,37.4904157378757,127.157179749774
1658,양재대로1706 (고덕동486 고덕아남아파트앞),37.5579548375122,127.146294328922
1659,양재대로1661 (명일동306-1 국민은행 앞),37.5538571094692,127.143944021144
1660,양재대로1641 (명일동312-42 크로크다일 앞),37.5520908128356,127.143854955739
1661,양재대로1636 (명일동312-98 파리바게트앞),37.5516187863445,127.144293025132
1662,양재대로1632 (명일동312 명일역1번출구 앞),37.5512602756216,127.144000929119
1663,양재대로1570 (명일동353-1 홈플러스건너편),37.5456635684848,127.143242072187
1664,양재대로1543 (천호동45-7 십자성마을 입구),37.5435065290527,127.141864467088
1665,양재대로1480 (길동378 길동역1번출구 앞),37.5378115570072,127.13999920444
1666,양재대로1480 (길동378 길동역3번출구 앞),37.5378115570072,127.13999920444
1667,양재대로1480 (길동378 길동역3번출구 뒤),37.5378115570072,127.13999920444
1668,양재대로1396 (둔촌동489 동명약국),37.5306431396997,127.137828644986
1669,양재대로1403 (성내동396-19 가야숯불갈비 앞),37.5314667062894,127.137164914729
1670,양재대로1369 (둔촌동489 둔촌동역 교차로),37.528135539247,127.13637526265
1671,양재대로1369 (둔촌동416 둔촌역1번출구 앞),37.528135539247,127.13637526265
1672,양재대로1369 (둔촌동416 둔촌역2번출구 뒤),37.528135539247,127.13637526265
1673,양재대로1367 (둔촌동416 둔촌역4번출구 앞),37.5283077805775,127.135932437159
1674,양재대로1309 (성내동440-28 성내우체국 앞),37.5234237348244,127.134187560971
1675,강동대로305 (둔촌동180-2 동북고 앞),37.5202406144077,127.139450654266
1676,천호대로186길7 (둔촌동65 주민센타앞-하행선),37.5333461266521,127.141948516017
1677,천호대로186길7 (둔촌동65 주민센타앞-상행선),37.5333461266521,127.141948516017
1678,천호대로186길7 (둔촌동66 주민센타앞-상행선),37.5333461266521,127.141948516017
1679,천호대로1200 (둔촌동51 한보타운 앞),37.5345568374059,127.144665419318
1680,천호대로1240 (둔촌동603 프라자ⓐ 옆),37.5359159395306,127.147983156301
1681,천호대로1239 (길동474 길동자이ⓐ 앞),37.5378612798048,127.148276995511
1682,천호대로1239 (길동474 길동자이ⓐ),37.5378612798048,127.148276995511
1683,천호대로1240 (둔촌동603 프라자ⓐ),37.5359159395306,127.147983156301
1684,올림픽로930 (암사동116-21 서원마을버스정류장 앞),37.5634543419221,127.133357466755
1685,올림픽로875 (암사동139-2 선사유적지 마을버스),37.5598523707759,127.130833358875
1686,올림픽로875 (암사동139-2 선사유적지 매표소 앞),37.5598523707759,127.130833358875
1687,고덕로53 (암사동442 뚜레쥬르 앞),37.5549810597581,127.131142064853
1688,고덕로54 (암사동460 신암중학교 버스정류장 앞),37.5545620845865,127.131152421508
1689,고덕로96 (암사동452 성모병원 입구),37.554532736215,127.135832933352
1690,고덕로166 (명일동305 전기조명 앞),37.5544841875679,127.143735180384
1691,고덕로130 (암사동413 암사3동주민센터 프라이어펠리스 버스정류장,37.5542066727371,127.140901062073
1692,고덕로162 (명일동305 동부기술원 버스정류장),37.5545278906067,127.143360778583
1693,고덕로253 (고덕동310 고덕역4번출구 앞),37.5550473189056,127.15394941502
1694,고덕로262 (고덕동310 고덕역3번출구 앞),37.5546676606413,127.154622234195
1695,고덕로262 (명일동46-2 고덕역 버스정류장),37.5546676606413,127.154622234195
1696,고덕로227 (고덕동313 배재중고 앞),37.5550593859098,127.150247335505
1697,고덕로131 (암사동414-2 암사3동주민센터 강동롯데캐슬퍼스트 버스정류장),37.5551667468122,127.143838799591
1698,"고덕로103 (암사동451-13 강일중,선사고,양지종합시장 버스정류장)",37.5549098997675,127.136997370358
1699,고덕로256 (명일동46-1 KT전화국앞 버스정류장),37.5546198628524,127.154105278912
1700,고덕로276 (명일동46-4 이마트 앞),37.5547067235109,127.155613136912
1701,동남로81길52 (고덕동643-3 고덕아이파크마을버스정류장),37.5597496956618,127.153960221419
1702,동남로75길5 (명일동47-7 이마트별관 앞),37.5540060457867,127.156001893834
1703,"동남로75길5 (명일동47-7 강동경희대병원,명일동이마트 버스정류장)",37.5540060457867,127.156001893834
1704,동남로892 (상일동149 강동경희대병원 입구),37.5531703573143,127.156964019121
1705,동남로881 (명일동48-7 서희스타힐스 앞),37.5522907599423,127.155772547373
1706,동남로870 (상일동477 강동아트센타 버스정류장),37.5512204558342,127.157342546961
1707,구천면로516 (명일동61 이레정형외과 앞),37.5490061354369,127.155664769791
1708,동남로832 (상일동166 한영외고 앞 버스정류장),37.5491405591902,127.157773062982
1709,"상암로67길37 (명일동150 한영중고,외고 버스정류장)",37.5480401183326,127.155639902165
1710,구천면로476 (명일동257 고덕9단지ⓐ 버스정류장),37.548966012531,127.151108952042
1711,명일로26길20 (길동413-45 내고향 앞),37.5419350548836,127.148494395606
1712,명일로172 (둔촌동630 둔촌푸르지오ⓐ),37.5341381859815,127.145070787029
1713,명일로113 (둔촌동545 둔촌하이츠ⓐ 앞),37.5291977320554,127.142179479429
1714,진황도로195 (둔촌동94-3 우리은행 앞),37.5289720685437,127.143637904427
1715,동남로620 (둔촌동 산14-1 일자산입구 보훈병원뒤),37.5293588115647,127.149705108495
1716,성안로196 (길동373-4 천동초교육교 밑),37.540274165321,127.137006116901
1717,성안로159 (천호동155-3 강동성심병원 버스정류장),37.5374751401186,127.135112021425
1718,천호대로1131 (길동457-4 세븐일레븐 앞),37.534798519761,127.13723890201
1719,천호대로1097 (천호동447 HJB빌딩),37.5355205088294,127.133529582127
1720,천호대로1033 (천호동453-15 IBK기업은행 앞),37.5378954041968,127.126957954012
1721,천호대로1027 (천호동454-15 지하보도 입구),37.5381084632581,127.126395521678
1722,천호대로1027 (천호동454-15 신한은행 옆),37.5381084632581,127.126395521678
1723,천호대로1024 (성내동50-15 강동시민약국 앞),37.537649137305,127.125716773253
1724,천호대로1032 (성내동9-5 국민은행천호역지점 앞),37.5373439180537,127.126523443855
1725,천호대로1036 (성내동11-1 동해수산 앞),37.5370183921955,127.126770456057
1726,천호대로1078 (성내동164-1 OK부동산중개소 앞),37.535848669582,127.131264578687
1727,천호대로1106 (성내동199-11 서울감자탕 앞),37.534866217395,127.134311019917
1728,천호대로1097 (천호동447 강동역-상행선),37.5355205088294,127.133529582127
1729,천호대로1097 (천호동447 강동역-하행선),37.5355205088294,127.133529582127
1730,풍성로203 (성내동412 아치스톤ⓐ 앞),37.5297296715374,127.13441822444
1731,풍성로144 (성내동520-2 대한지적공사 앞),37.5309775218716,127.127961738781
1732,풍성로90 (성내동111-55 쉐도우 앞),37.5325659784875,127.122270860409
1733,올림픽로689 (천호동334-2 친구병원 버스정류장 앞),37.5429370935663,127.124705791598
1734,올림픽로698 (천호동358 천호2동주민센타 앞),37.5434513364088,127.125431067443
1735,올림픽로721 (천호동323-6 천호공원 버스정류장),37.5458362193653,127.125742289252
1736,올림픽로726 (천호동314-37 천호공원 버스정류장 앞),37.5459067096198,127.126303109818
1737,올림픽로770 (천호동287 암사역2번출구 앞),37.5497854908523,127.127658691274
1738,올림픽로769 (암사동512-17 암사역3번출구 앞),37.5499665683994,127.127179067345
1739,올림픽로777 (암사동502-18 암사역4번출구 앞),37.5505145812121,127.127405764319
1740,올림픽로782 (암사동501-1 강동연세내과 앞),37.5508657313861,127.128126213246
1741,올림픽로812 (암사동463-2 삼성현대ⓐ마을버스정류장),37.5532970026856,127.129018533824
1742,올림픽로811 (암사동504-38 삼성광나루ⓐ 암사유적 버스정류장),37.5534805170682,127.128374458437
1743,상암로92 (천호동292 양돈농협 앞),37.5475192663576,127.133075705126
1744,구천면로403 (천호동24-2 성덕여중상고 버스정류장),37.5508831819259,127.14335606067
1745,구천면로371 (암사동421-6 천호우성ⓐ 버스정류장),37.5506975616259,127.139760984399
1746,구천면로289 (천호동294-23 다래종합동물병원 앞),37.5458298153204,127.13346513636
1747,구천면로251 (천호동393-7 고분다리시장입구 버스정류장),37.5428012323584,127.13126443343
1748,성내로48 (성내동549-1 CGV 앞),37.5284455288195,127.125357402766
1749,성내로45 (성내동541-2 강동보건소 앞),37.5295419850552,127.125585505976
1750,성내로18 (성내동552-2 ZEN매장 앞),37.5298903412405,127.122469116883
1751,성내로15 (성내동539-2 GS25시 앞),37.5303327650847,127.122611598827
1752,성내로25 (성내동540 강동구청 앞),37.530160973856,127.12379233466
1753,올림픽로546 (성내동553-17 연세사랑병원 앞),37.530247187452,127.121022361639
1754,올림픽로528 (성내동451 농협중앙회 앞),37.5294051174033,127.120399895825
1755,올림픽로566 (성내동322-7 강동구청역 버스정류장),37.5321002094048,127.121438196295
1756,올림픽로622 (성내동78-10 보훈병원셔틀버스 앞),37.5369128046761,127.123185608803
1757,올림픽로624 (성내동78-1 프라자약국 앞),37.5370435694342,127.1232435281
1758,올림픽로651 (천호동431-4 현대자동차 앞),37.5397559555383,127.123313958545
1759,올림픽로654 (천호동429-2 세븐일레븐 앞),37.539857413671,127.124082751701
1760,천중로86 (천호동299-5 대광슈퍼 앞),37.5445338457112,127.131271092262
1761,강동대로235 (성내동449-7 오륜교회 앞),37.5227407265291,127.132394568934
1762,강동대로207 (성내동448-11 삼성SDS 앞),37.5239276515168,127.129354378186
1763,진황도로153,37.5323545432379,127.141675444061
1764,구천면로329,37.5487713388247,127.135883812184
1765,구천면로328,37.548454354945,127.136051396534
1766,구천면로258,37.5432246185617,127.131905179298
1767,구천면로233,37.5416468608322,127.1301351852
1768,올림픽로 658 앞,37.5399646493638,127.124409366822
1769,올림픽로 606 앞,37.5355694713127,127.122697448881
1770,천호대로 1033 앞,37.5378954041968,127.126957954012
1771,올림픽로 818 앞 도로,37.5539048450792,127.129156292207
1772,올림픽로 808 앞 도로,37.5530967826472,127.128870388999
1773,올림픽로 800 앞 도로,37.552310521282,127.128586566479
1774,올림픽로 796 앞 도로,37.5520742461293,127.128534669022
1775,올림픽로 782 앞 도로,37.5508657313861,127.128126213246
1776,올림픽로 783 앞 도로,37.5511436157073,127.127611666932
1777,올림픽로 797 앞 도로,37.5524012875359,127.128056187655
1778,올림픽로 809 앞 도로,37.5532988351989,127.128329105124
1779,올림픽로 813 앞 도로,37.5536683873012,127.128528805872
1780,고덕로62길 55 주양쇼핑 앞,37.5523961426953,127.153459033904
1781,아리수로 426 공영차고지 앞,37.5637656953026,127.174682169983
1782,아리수로 419 리슈빌오피스텔 앞,37.5644130564421,127.173707785086
1783,강동대로 207 윤선생 앞,37.5239276515168,127.129354378186
1784,천호대로 1092,37.5352477607977,127.132663780085
1785,천호대로 1027 신한은행 앞,37.5381084632581,127.126395521678
